模型,参数组,主题编号,主题名称,专利数量,专利占比,TOP5主题词,主题关键词,代表专利
TF-IDF + KMeans,"K=10, max_features=5000, max_df=0.85",0,新能源汽车 / 电池 / 电机,251,0.0254,新能源汽车、电池、电机、涉及新能源、散热,新能源汽车、电池、电机、涉及新能源、散热、弹簧、限位、总成、底板、线束,一种可用于新能源汽车的润滑脂组合物及其制备方法；域控制电池管理系统；一种适用于严寒酷暑环境的新能源厢式移动应急充电车
TF-IDF + KMeans,"K=10, max_features=5000, max_df=0.85",1,数据 / 联网 / 终端,1414,0.1431,数据、联网、终端、实时、模型,数据、联网、终端、实时、模型、服务器、网络、用户、状态、信号,基于人工智能的流体输送系统精确计量方法及计量装置；带私有协议的数据处理取证的方法及装置；一种基于无人机信息终端的可视化数字孪生高端装备系统
TF-IDF + KMeans,"K=10, max_features=5000, max_df=0.85",2,光伏 / 太阳能 / 支架,504,0.051,光伏、太阳能、支架、电站、边框,光伏、太阳能、支架、电站、边框、电池、发电系统、逆变器、电能、角度,一种胶膜平整机构及光伏组件生产线；水面光伏发电系统电气性能及环境场的监测装置；一种带有防尘接口结构的光伏并网逆变器
TF-IDF + KMeans,"K=10, max_features=5000, max_df=0.85",3,图像 / 视觉 / 数据,482,0.0488,检测装置、图像、检测设备、视觉、数据,检测装置、图像、检测设备、视觉、数据、传感器、检测系统、检测平台、进行检测、所述检测,基于物联网的太阳能LED交通信号灯及其智能联动系统；一种带自发电的输液管气泡检测装置；一种多功能食品检测装置
TF-IDF + KMeans,"K=10, max_features=5000, max_df=0.85",4,环保 / 水资源 / 水箱,880,0.0891,节能、环保、水资源、水箱、水泵,节能、环保、水资源、水箱、水泵、管道、效果、水管、清洗装置、箱体,一种水电站高压输电线路驱鸟保护装置；一种废水循环利用的自动洗车装置；一种基于开放空间大气污染治理装置
TF-IDF + KMeans,"K=10, max_features=5000, max_df=0.85",5,储能 / 电路 / 电源,421,0.0426,储能、电路、电源、电压、直流,储能、电路、电源、电压、直流、功率、电网、供电、开关、输出,电子厂房电源保障系统实施方法；绝缘子R销复位装置；电力电子变压器的两级直流母线协调控制方法、装置
TF-IDF + KMeans,"K=10, max_features=5000, max_df=0.85",6,电机 / 底座 / 齿轮,1523,0.1541,电机、底座、齿轮、螺纹、弹簧,电机、底座、齿轮、螺纹、弹簧、转轴、限位、转动连接、内壁、滑槽,一种机械制造用冲压车床；一种玻璃胶生产用高速分散装置；一种结构稳定的和面机
TF-IDF + KMeans,"K=10, max_features=5000, max_df=0.85",7,支架 / 效率 / 底座,2565,0.2596,支架、效率、位于、底座、方向,支架、效率、位于、底座、方向、机架、多个、上方、水平、限位,一种膜纸自动化印刷技术生产线结构；一种用于生产带孔木底托的工装模具；一种胶带生产用胶带粘度测试装置
TF-IDF + KMeans,"K=10, max_features=5000, max_df=0.85",8,存储介质 / 区块 / 目标,872,0.0883,存储介质、区块、目标、信息、电子设备,存储介质、区块、目标、信息、电子设备、用户、模型、节点、申请、人工智能,基于区块链的充电权分配方法以及充电权交易方法；一种云会员信息管理系统、方法和存储平台；一种图书荐购方法、装置、设备及存储介质
TF-IDF + KMeans,"K=10, max_features=5000, max_df=0.85",9,石墨 / 材料 / 原料,969,0.0981,石墨、材料、原料、工艺、复合,石墨、材料、原料、工艺、复合、纳米、性能、采用、溶液、金属,一种促进围绝经期女性补钙的中药组方；一种防止土地盐碱化的肥料及其制备方法；一种复合网版的制作方法
TF-IDF + KMeans,"K=20, max_features=5000, max_df=0.85",0,信号 / 传感器 / 控制器,681,0.0689,信号、传感器、控制器、模拟、信息,信号、传感器、控制器、模拟、信息、天线、模型、试验、状态、控制系统,一种水电站高压输电线路驱鸟保护装置；一种胶带生产用胶带粘度测试装置；一种基于智能仿真的牵引站运维管理系统
TF-IDF + KMeans,"K=20, max_features=5000, max_df=0.85",1,装置主体 / 所述主体 / 电机,254,0.0257,装置主体、所述主体、包括主体、电机、限位,装置主体、所述主体、包括主体、电机、限位、弹簧、主体包括、主体内部、底座、底端,一种起重机安装维修安全平台；一种基于物联网高压开关柜；一种脉冲点火器的装配机构
TF-IDF + KMeans,"K=20, max_features=5000, max_df=0.85",2,光伏 / 太阳能 / 支架,468,0.0474,光伏、太阳能、支架、电站、边框,光伏、太阳能、支架、电站、边框、电池、发电系统、逆变器、电能、角度,一种胶膜平整机构及光伏组件生产线；水面光伏发电系统电气性能及环境场的监测装置；一种带有防尘接口结构的光伏并网逆变器
TF-IDF + KMeans,"K=20, max_features=5000, max_df=0.85",3,电机 / 螺纹 / 箱体,876,0.0887,电机、螺纹、箱体、齿轮、底座,电机、螺纹、箱体、齿轮、底座、转轴、滑块、转动连接、滑槽、输出,一种望远镜镜筒智能制造装置；一种智能制造木料处理平台；一种5G智慧城市用LED路灯
TF-IDF + KMeans,"K=20, max_features=5000, max_df=0.85",4,材料 / 工艺 / 原料,706,0.0715,材料、工艺、原料、及其应用、复合,材料、工艺、原料、及其应用、复合、采用、蛋白质、活性、纳米、重量,一种促进围绝经期女性补钙的中药组方；一种防止土地盐碱化的肥料及其制备方法；一种复合网版的制作方法
TF-IDF + KMeans,"K=20, max_features=5000, max_df=0.85",5,打印机 / 材料 / 粉末,178,0.018,打印机、材料、粉末、光固化、喷头,打印机、材料、粉末、光固化、喷头、树脂、制造、三维、金属、采用,一种刮刀防撞机构；一种3D导航定位牙套及制作方法；一种远程数字3D打印装置
TF-IDF + KMeans,"K=20, max_features=5000, max_df=0.85",6,存储介质 / 目标 / 电子设备,382,0.0387,存储介质、目标、电子设备、模型、人工智能,存储介质、目标、电子设备、模型、人工智能、数据、图像、特征、文本、预设,模型训练方法、数据处理方法、装置、电子设备及介质；一种基于人工智能的空气颗粒物分析预警方法和装置；装载信息处理方法、装置、电子设备及存储介质
TF-IDF + KMeans,"K=20, max_features=5000, max_df=0.85",7,水资源 / 水箱 / 水泵,480,0.0486,水资源、水箱、水泵、清洗装置、节能,水资源、水箱、水泵、清洗装置、节能、环保、水管、喷头、废水、浪费,一种废水循环利用的自动洗车装置；一种基于开放空间大气污染治理装置；一种具有节能保温功能的电解铝用电解槽
TF-IDF + KMeans,"K=20, max_features=5000, max_df=0.85",8,储能 / 电路 / 电源,379,0.0384,储能、电路、电源、电压、直流,储能、电路、电源、电压、直流、功率、电网、供电、开关、输出,电子厂房电源保障系统实施方法；绝缘子R销复位装置；电力电子变压器的两级直流母线协调控制方法、装置
TF-IDF + KMeans,"K=20, max_features=5000, max_df=0.85",9,信息 / 用户 / 存储介质,415,0.042,信息、用户、存储介质、目标、业务,信息、用户、存储介质、目标、业务、接收、服务、终端、发送、申请,一种云会员信息管理系统、方法和存储平台；一种图书荐购方法、装置、设备及存储介质；一种房屋家具设计展示系统
TF-IDF + KMeans,"K=20, max_features=5000, max_df=0.85",10,新能源汽车 / 电池 / 涉及新能源,241,0.0244,新能源汽车、电池、涉及新能源、电机、散热,新能源汽车、电池、涉及新能源、电机、散热、弹簧、限位、底板、线束、缓冲,一种可用于新能源汽车的润滑脂组合物及其制备方法；域控制电池管理系统；一种适用于严寒酷暑环境的新能源厢式移动应急充电车
TF-IDF + KMeans,"K=20, max_features=5000, max_df=0.85",11,区块 / 节点 / 交易,218,0.0221,区块、节点、交易、数据、合约,区块、节点、交易、数据、合约、加密、网络、共识、用户、验证,基于区块链的充电权分配方法以及充电权交易方法；一种基于车路协同的区块链拜占庭容错方法及系统；基于区块链技术的大数据共享并存证的方法
TF-IDF + KMeans,"K=20, max_features=5000, max_df=0.85",12,机器人 / 视觉 / 关节,170,0.0172,机器人、运动、视觉、关节、底座,机器人、运动、视觉、关节、底座、连杆、自动化、工件、路径、自由度,一种机器人换电装置；一种智能遛狗机器人；一种内镜手术器械输送装置、控制方法及机器人系统
TF-IDF + KMeans,"K=20, max_features=5000, max_df=0.85",13,联网 / 数据 / 终端,412,0.0417,联网、数据、终端、网关、智慧,联网、数据、终端、网关、智慧、传感器、远程、服务器、控制器、无线,基于物联网的太阳能LED交通信号灯及其智能联动系统；一种基于智能匹配的漏洞威胁发现方法及系统；一种基于物联网与云计算的鹅智能化精细饲喂系统及管控方法
TF-IDF + KMeans,"K=20, max_features=5000, max_df=0.85",14,机架 / 生产线 / 效率,412,0.0417,机架、生产线、输送装置、送料、效率,机架、生产线、输送装置、送料、效率、自动化、输送机构、输送带、传送、位于,一种自动翻转脱模装置；一种用于吸塑机的自动捡片装置；多段锯骨机
TF-IDF + KMeans,"K=20, max_features=5000, max_df=0.85",15,数据 / 模型 / 管理系统,744,0.0753,数据、模型、实时、管理系统、服务器,数据、模型、实时、管理系统、服务器、互联网、终端、建立、智慧、网络,基于人工智能的流体输送系统精确计量方法及计量装置；带私有协议的数据处理取证的方法及装置；一种基于无人机信息终端的可视化数字孪生高端装备系统
TF-IDF + KMeans,"K=20, max_features=5000, max_df=0.85",16,石墨 / 材料 / 纳米,253,0.0256,石墨、材料、纳米、复合、分散,石墨、材料、纳米、复合、分散、性能、电极、发热、溶液、均匀,一种石墨烯面料纺织用经纱张力调节装置；一种三维结构的纳米石墨烯及其制备方法、净化空气型无机涂料及其制备方法；一种镍掺杂二硫化钼/石墨烯三维复合材料的制备方法及应用
TF-IDF + KMeans,"K=20, max_features=5000, max_df=0.85",17,视觉 / 图像 / 机器,351,0.0355,检测装置、检测设备、视觉、检测系统、检测平台,检测装置、检测设备、视觉、检测系统、检测平台、所述检测、图像、进行检测、机器、传感器,一种带自发电的输液管气泡检测装置；一种多功能食品检测装置；一种果蔬新烟碱类农药残留多通道试纸检测装置
TF-IDF + KMeans,"K=20, max_features=5000, max_df=0.85",18,底座 / 支架 / 限位,2074,0.2099,底座、支架、限位、位于、效率,底座、支架、限位、位于、效率、方向、模具、上方、效果、配合,一种膜纸自动化印刷技术生产线结构；一种用于生产带孔木底托的工装模具；一种机械制造用冲压车床
TF-IDF + KMeans,"K=20, max_features=5000, max_df=0.85",19,电机 / 原料 / 转轴,187,0.0189,电机、所述搅拌、原料、搅拌装置、转轴,电机、所述搅拌、原料、搅拌装置、转轴、进行搅拌、均匀、罐体、齿轮、农药,一种玻璃胶生产用高速分散装置；一种结构稳定的和面机；智能食材搅拌设备
TF-IDF + KMeans,"K=30, max_features=5000, max_df=0.85",0,水箱 / 水资源 / 水泵,329,0.0333,水箱、水资源、水泵、水管、清洗装置,水箱、水资源、水泵、水管、清洗装置、喷头、过滤网、污水、除尘、冲洗,一种基于开放空间大气污染治理装置；一种生物实验用试管的初步清洗装置；一种伞形除尘罩装置
TF-IDF + KMeans,"K=30, max_features=5000, max_df=0.85",1,机架 / 生产线 / 效率,363,0.0367,机架、输送装置、生产线、送料、效率,机架、输送装置、生产线、送料、效率、自动化、输送机构、工位、输送带、位于,一种自动翻转脱模装置；一种用于吸塑机的自动捡片装置；光伏电池生产线的自动送料放料系统
TF-IDF + KMeans,"K=30, max_features=5000, max_df=0.85",2,测试平台 / 测试装置 / 测试系统,126,0.0128,测试平台、测试装置、测试系统、测试设备、所述测试,测试平台、测试装置、测试系统、测试设备、所述测试、模拟、接口、测试结果、试验、仿真,一种胶带生产用胶带粘度测试装置；多接头线束电测试设备；一种灵活检测汽车滤清器性能测试装置
TF-IDF + KMeans,"K=30, max_features=5000, max_df=0.85",3,存储介质 / 电子设备 / 目标,247,0.025,存储介质、电子设备、目标、信息、预设,存储介质、电子设备、目标、信息、预设、申请、人工智能、对象、区块、至少,装载信息处理方法、装置、电子设备及存储介质；业务处理方法、设备以及存储介质；人机客服的切换方法、装置、设备及存储介质
TF-IDF + KMeans,"K=30, max_features=5000, max_df=0.85",4,限位 / 支架 / 弹簧,1739,0.176,限位、支架、弹簧、位于、效果,限位、支架、弹簧、位于、效果、方向、模具、螺纹、效率、配合,一种膜纸自动化印刷技术生产线结构；一种机械制造用冲压车床；一种制动主缸皮碗的自动装配装置
TF-IDF + KMeans,"K=30, max_features=5000, max_df=0.85",5,新能源汽车 / 电池 / 电机,242,0.0245,新能源汽车、电池、电机、涉及新能源、散热,新能源汽车、电池、电机、涉及新能源、散热、弹簧、限位、底板、线束、减震,一种可用于新能源汽车的润滑脂组合物及其制备方法；域控制电池管理系统；一种适用于严寒酷暑环境的新能源厢式移动应急充电车
TF-IDF + KMeans,"K=30, max_features=5000, max_df=0.85",6,联网 / 终端 / 数据,381,0.0386,联网、终端、数据、远程、智慧,联网、终端、数据、远程、智慧、网关、传感器、控制器、无线、状态,基于物联网的太阳能LED交通信号灯及其智能联动系统；一种基于智能匹配的漏洞威胁发现方法及系统；一种基于物联网与云计算的鹅智能化精细饲喂系统及管控方法
TF-IDF + KMeans,"K=30, max_features=5000, max_df=0.85",7,用户 / 数据 / 人工智能,164,0.0166,用户、数据、人工智能、目标、推荐,用户、数据、人工智能、目标、推荐、存储介质、模型、特征、文本、内容,基于人工智能的流体输送系统精确计量方法及计量装置；异构可信计算/可信奖惩模型扩展；5G专网投诉的识别方法、装置、设备、系统及存储介质
TF-IDF + KMeans,"K=30, max_features=5000, max_df=0.85",8,光伏 / 太阳能 / 支架,323,0.0327,光伏、太阳能、支架、电池、边框,光伏、太阳能、支架、电池、边框、电站、屋面、逆变器、玻璃、角度,一种胶膜平整机构及光伏组件生产线；一种带有防尘接口结构的光伏并网逆变器；一种适合风沙地域防风固沙的光伏防风障
TF-IDF + KMeans,"K=30, max_features=5000, max_df=0.85",9,底板 / 侧板 / 顶板,193,0.0195,底板、侧板、顶板、支架、电机,底板、侧板、顶板、支架、电机、上端、限位、螺纹、转动连接、支撑杆,一种用于生产带孔木底托的工装模具；一种起重机安装维修安全平台；一种石墨烯面料纺织用经纱张力调节装置
TF-IDF + KMeans,"K=30, max_features=5000, max_df=0.85",10,食品 / 电机 / 加工机,172,0.0174,食品、电机、加工机、原料、营养,食品、电机、加工机、原料、营养、口感、箱体、杀菌、传送带、机体,一种抑制烘焙食品多元危害物生成的方法；一种结构稳定的和面机；智能食材搅拌设备
TF-IDF + KMeans,"K=30, max_features=5000, max_df=0.85",11,储能 / 电网 / 功率,291,0.0295,储能、电网、功率、电源、直流,储能、电网、功率、电源、直流、负荷、供电、调度、电能、电压,绝缘子R销复位装置；电力电子变压器的两级直流母线协调控制方法、装置；一种农村台区电压及线损问题的治理方法
TF-IDF + KMeans,"K=30, max_features=5000, max_df=0.85",12,石墨 / 材料 / 纳米,253,0.0256,石墨、材料、纳米、复合、性能,石墨、材料、纳米、复合、性能、分散、电极、发热、溶液、纤维,微米级多孔硫酸亚铁钠/碳复合正极材料及其制备的钠离子电池或钠电池；一种三维结构的纳米石墨烯及其制备方法、净化空气型无机涂料及其制备方法；一种镍掺杂二硫化钼/石墨烯三维复合材料的制备方法及应用
TF-IDF + KMeans,"K=30, max_features=5000, max_df=0.85",13,机器人 / 视觉 / 关节,171,0.0173,机器人、运动、视觉、关节、底座,机器人、运动、视觉、关节、底座、自动化、连杆、工件、自由度、行走,一种机器人换电装置；一种智能遛狗机器人；一种内镜手术器械输送装置、控制方法及机器人系统
TF-IDF + KMeans,"K=30, max_features=5000, max_df=0.85",14,区块 / 节点 / 交易,198,0.02,区块、节点、交易、数据、合约,区块、节点、交易、数据、合约、加密、网络、共识、用户、验证,基于区块链的充电权分配方法以及充电权交易方法；一种基于车路协同的区块链拜占庭容错方法及系统；基于区块链技术的大数据共享并存证的方法
TF-IDF + KMeans,"K=30, max_features=5000, max_df=0.85",15,电机 / 齿轮 / 转轴,421,0.0426,电机、齿轮、转轴、输出、原料,电机、齿轮、转轴、输出、原料、箱体、所述搅拌、壳体、啮合、螺纹,一种玻璃胶生产用高速分散装置；一种望远镜镜筒智能制造装置；一种5G智慧城市用LED路灯
TF-IDF + KMeans,"K=30, max_features=5000, max_df=0.85",16,切割机 / 限位 / 电机,128,0.013,切割装置、切割机、切割平台、所述切割、进行切割,切割装置、切割机、切割平台、所述切割、进行切割、切割设备、限位、电机、气缸、切割刀,一种复合网版的制作方法；多段锯骨机；一种具有调节功能的激光切割机用切割平台
TF-IDF + KMeans,"K=30, max_features=5000, max_df=0.85",17,底座 / 电机 / 支架,382,0.0387,底座、电机、支架、限位、上端,底座、电机、支架、限位、上端、配合、螺纹、位于、效率、上方,一种废水循环利用的自动洗车装置；一种脐带血干细胞储存系统及其储存方法；极片烘烤夹具
TF-IDF + KMeans,"K=30, max_features=5000, max_df=0.85",18,数据 / 模型 / 信号,766,0.0775,数据、模型、建立、信号、实时,数据、模型、建立、信号、实时、终端、车辆、网络、互联网、算法,带私有协议的数据处理取证的方法及装置；电子厂房电源保障系统实施方法；一种基于智能仿真的牵引站运维管理系统
TF-IDF + KMeans,"K=30, max_features=5000, max_df=0.85",19,用户 / 业务 / 信息,232,0.0235,用户、业务、信息、存储介质、接收,用户、业务、信息、存储介质、接收、发送、终端、服务、认证、访问,一种云会员信息管理系统、方法和存储平台；一种图书荐购方法、装置、设备及存储介质；一种房屋家具设计展示系统
TF-IDF + KMeans,"K=30, max_features=5000, max_df=0.85",20,打印机 / 材料 / 粉末,182,0.0184,打印机、材料、粉末、光固化、树脂,打印机、材料、粉末、光固化、树脂、喷头、制造、三维、采用、金属,一种刮刀防撞机构；一种3D导航定位牙套及制作方法；一种远程数字3D打印装置
TF-IDF + KMeans,"K=30, max_features=5000, max_df=0.85",21,混凝土 / 作业 / 装配式,164,0.0166,施工平台、混凝土、作业、装配式、操作平台,施工平台、混凝土、作业、装配式、操作平台、施工效率、悬挑、桥梁、钢梁、轨道,一种用于施工现场的便携式施工平台；电光长余辉蓄光材料路面和图案及施工方法；一种装配式钢筋混凝土梁结构及制作方法
TF-IDF + KMeans,"K=30, max_features=5000, max_df=0.85",22,环保 / 太阳能 / 效果,230,0.0233,节能、环保、太阳能、效果、箱体,节能、环保、太阳能、效果、箱体、功能、建筑、壳体、上端、底座,一种水电站高压输电线路驱鸟保护装置；一种具有节能保温功能的电解铝用电解槽；一种具备智能声控电动汽车充电桩
TF-IDF + KMeans,"K=30, max_features=5000, max_df=0.85",23,数据 / 联网 / 服务器,282,0.0285,数据、采集模块、实时、联网、服务器,数据、采集模块、实时、联网、服务器、传感器、终端、采集装置、采集系统、管理系统,一种基于无人机信息终端的可视化数字孪生高端装备系统；一种工业互联网平台应用评价方法及其评价系统；基于分布式架构的5G视频传输系统
TF-IDF + KMeans,"K=30, max_features=5000, max_df=0.85",24,电路 / 电压 / 电源,114,0.0115,电路、电压、电源、开关、储能,电路、电压、电源、开关、储能、电容、供电、输出、直流、电阻,一种用于WIFI 5G频段的截频可变式高通滤波器；开关电源过零点检测电路的自动校准装置及校准方法；一种列车及基于新能源电池的供电电路
TF-IDF + KMeans,"K=30, max_features=5000, max_df=0.85",25,材料 / 工艺 / 原料,662,0.067,材料、工艺、原料、及其应用、采用,材料、工艺、原料、及其应用、采用、蛋白质、活性、合成、生物、干细胞,一种促进围绝经期女性补钙的中药组方；一种防止土地盐碱化的肥料及其制备方法；间充质干细胞培养用无血清培养基及用途
TF-IDF + KMeans,"K=30, max_features=5000, max_df=0.85",26,模型 / 图像 / 数据,220,0.0223,模型、图像、数据、人工智能、特征,模型、图像、数据、人工智能、特征、学习、存储介质、目标、深度、神经网络,模型训练方法、数据处理方法、装置、电子设备及介质；一种基于人工智能的空气颗粒物分析预警方法和装置；一种光伏组件缺陷检测模型的可视化迭代生产系统
TF-IDF + KMeans,"K=30, max_features=5000, max_df=0.85",27,管道 / 蒸汽 / 温度,416,0.0421,管道、蒸汽、温度、出口、气体,管道、蒸汽、温度、出口、气体、风机、通道、换热器、效果、冷却装置,一种偶氮颜料连续化合成微混合器及其连续化制备方法；一种陶瓷材料加工用热压烧结装置；MQ硅树脂生产用高效冷却装置
TF-IDF + KMeans,"K=30, max_features=5000, max_df=0.85",28,太阳能 / 储能 / 电能,149,0.0151,光伏发电、太阳能、发电系统、发电装置、储能,光伏发电、太阳能、发电系统、发电装置、储能、电能、风力、蓄电池、发电组件、供电,水面光伏发电系统电气性能及环境场的监测装置；一种基于帕尔贴效应的海岛风光互补水电联产装置；一种具有散热功能的新能源光伏发电装置
TF-IDF + KMeans,"K=30, max_features=5000, max_df=0.85",29,视觉 / 传感器 / 机器,341,0.0345,检测装置、检测设备、视觉、检测平台、传感器,检测装置、检测设备、视觉、检测平台、传感器、检测系统、所述检测、进行检测、机器、检测技术,一种带自发电的输液管气泡检测装置；一种多功能食品检测装置；一种果蔬新烟碱类农药残留多通道试纸检测装置
TF-IDF + NMF,"T=10, max_features=5000, max_df=0.85",0,底座 / 电机 / 限位,2172,0.2198,底座、电机、限位、支架、螺纹,底座、电机、限位、支架、螺纹、底板、弹簧、滑块、齿轮、位于,一种膜纸自动化印刷技术生产线结构；一种用于生产带孔木底托的工装模具；一种机械制造用冲压车床
TF-IDF + NMF,"T=10, max_features=5000, max_df=0.85",1,数据 / 联网 / 终端,1374,0.1391,数据、联网、终端、实时、服务器,数据、联网、终端、实时、服务器、智慧、管理系统、远程、传感器、状态,带私有协议的数据处理取证的方法及装置；一种云会员信息管理系统、方法和存储平台；一种基于无人机信息终端的可视化数字孪生高端装备系统
TF-IDF + NMF,"T=10, max_features=5000, max_df=0.85",2,光伏 / 太阳能 / 支架,546,0.0553,光伏、太阳能、支架、电站、发电系统,光伏、太阳能、支架、电站、发电系统、边框、逆变器、蓄电池、电池板、屋面,一种胶膜平整机构及光伏组件生产线；水面光伏发电系统电气性能及环境场的监测装置；一种带有防尘接口结构的光伏并网逆变器
TF-IDF + NMF,"T=10, max_features=5000, max_df=0.85",3,石墨 / 材料 / 纳米,1230,0.1245,石墨、材料、复合、纳米、原料,石墨、材料、复合、纳米、原料、工艺、性能、金属、采用、溶液,一种促进围绝经期女性补钙的中药组方；一种防止土地盐碱化的肥料及其制备方法；一种复合网版的制作方法
TF-IDF + NMF,"T=10, max_features=5000, max_df=0.85",4,新能源 / 汽车 / 电池,414,0.0419,新能源、汽车、电池、散热、所述充电,新能源、汽车、电池、散热、所述充电、弹簧、减震、壳体、缓冲、线束,一种可用于新能源汽车的润滑脂组合物及其制备方法；域控制电池管理系统；一种机器人换电装置
TF-IDF + NMF,"T=10, max_features=5000, max_df=0.85",5,区块 / 节点 / 信息,398,0.0403,区块、节点、信息、交易、加密,区块、节点、信息、交易、加密、用户、合约、网络、业务、验证,基于区块链的充电权分配方法以及充电权交易方法；一种脐带血干细胞储存系统及其储存方法；一种基于车路协同的区块链拜占庭容错方法及系统
TF-IDF + NMF,"T=10, max_features=5000, max_df=0.85",6,存储介质 / 目标 / 模型,864,0.0874,存储介质、目标、模型、电子设备、数据,存储介质、目标、模型、电子设备、数据、人工智能、特征、图像、用户、申请,基于人工智能的流体输送系统精确计量方法及计量装置；一种图书荐购方法、装置、设备及存储介质；模型训练方法、数据处理方法、装置、电子设备及介质
TF-IDF + NMF,"T=10, max_features=5000, max_df=0.85",7,环保 / 箱体 / 水箱,1619,0.1638,节能、环保、箱体、水箱、水资源,节能、环保、箱体、水箱、水资源、水泵、效果、管道、壳体、电机,一种水电站高压输电线路驱鸟保护装置；一种废水循环利用的自动洗车装置；一种基于开放空间大气污染治理装置
TF-IDF + NMF,"T=10, max_features=5000, max_df=0.85",8,储能 / 电路 / 电源,684,0.0692,储能、电路、电源、电压、功率,储能、电路、电源、电压、功率、开关、直流、电网、供电、输出,电子厂房电源保障系统实施方法；绝缘子R销复位装置；电力电子变压器的两级直流母线协调控制方法、装置
TF-IDF + NMF,"T=10, max_features=5000, max_df=0.85",9,图像 / 视觉 / 传感器,580,0.0587,检测装置、图像、视觉、传感器、检测设备,检测装置、图像、视觉、传感器、检测设备、检测系统、机器、检测平台、所述检测、进行检测,基于物联网的太阳能LED交通信号灯及其智能联动系统；一种胶带生产用胶带粘度测试装置；一种带自发电的输液管气泡检测装置
TF-IDF + NMF,"T=20, max_features=5000, max_df=0.85",0,限位 / 弹簧 / 螺纹,295,0.0299,限位、弹簧、螺纹、滑块、滑槽,限位、弹簧、螺纹、滑块、滑槽、底板、滑动连接、内壁、凹槽、箱体,一种机械制造用冲压车床；一种具有防护功能的兽医注射固定装置；一种装配式检查井用管路连接结构
TF-IDF + NMF,"T=20, max_features=5000, max_df=0.85",1,区块 / 节点 / 交易,301,0.0305,区块、节点、交易、加密、信息,区块、节点、交易、加密、信息、合约、网络、验证、共识、认证,基于区块链的充电权分配方法以及充电权交易方法；一种基于车路协同的区块链拜占庭容错方法及系统；基于区块链技术的大数据共享并存证的方法
TF-IDF + NMF,"T=20, max_features=5000, max_df=0.85",2,光伏 / 太阳能 / 电站,380,0.0385,光伏、太阳能、电站、发电系统、边框,光伏、太阳能、电站、发电系统、边框、逆变器、蓄电池、电池板、屋面、电能,一种胶膜平整机构及光伏组件生产线；水面光伏发电系统电气性能及环境场的监测装置；一种带有防尘接口结构的光伏并网逆变器
TF-IDF + NMF,"T=20, max_features=5000, max_df=0.85",3,石墨 / 材料 / 纳米,400,0.0405,石墨、材料、纳米、复合、性能,石墨、材料、纳米、复合、性能、分散、电极、金属、溶液、纤维,一种复合网版的制作方法；一种石墨烯面料纺织用经纱张力调节装置；一种三维结构的纳米石墨烯及其制备方法、净化空气型无机涂料及其制备方法
TF-IDF + NMF,"T=20, max_features=5000, max_df=0.85",4,汽车 / 新能源 / 动力电池,344,0.0348,汽车、新能源、动力电池、所述充电、散热,汽车、新能源、动力电池、所述充电、散热、零部件、线束、行驶、电机、总成,一种可用于新能源汽车的润滑脂组合物及其制备方法；一种适用于严寒酷暑环境的新能源厢式移动应急充电车；一种新能源汽车的热交换模块
TF-IDF + NMF,"T=20, max_features=5000, max_df=0.85",5,存储介质 / 目标 / 电子设备,516,0.0522,存储介质、目标、电子设备、信息、用户,存储介质、目标、电子设备、信息、用户、申请、预设、人工智能、计算机设备、实施,一种云会员信息管理系统、方法和存储平台；一种图书荐购方法、装置、设备及存储介质；5G专网投诉的识别方法、装置、设备、系统及存储介质
TF-IDF + NMF,"T=20, max_features=5000, max_df=0.85",6,模型 / 图像 / 人工智能,379,0.0384,模型、图像、人工智能、学习、特征,模型、图像、人工智能、学习、特征、算法、样本、构建、深度、参数,基于人工智能的流体输送系统精确计量方法及计量装置；异构可信计算/可信奖惩模型扩展；模型训练方法、数据处理方法、装置、电子设备及介质
TF-IDF + NMF,"T=20, max_features=5000, max_df=0.85",7,环保 / 水箱 / 水资源,842,0.0852,节能、环保、水箱、水资源、水泵,节能、环保、水箱、水资源、水泵、箱体、管道、清洗装置、水管、效果,一种水电站高压输电线路驱鸟保护装置；一种基于开放空间大气污染治理装置；MQ硅树脂生产用高效冷却装置
TF-IDF + NMF,"T=20, max_features=5000, max_df=0.85",8,储能 / 电路 / 电源,435,0.044,储能、电路、电源、电压、功率,储能、电路、电源、电压、功率、开关、直流、电网、供电、输出,电子厂房电源保障系统实施方法；绝缘子R销复位装置；电力电子变压器的两级直流母线协调控制方法、装置
TF-IDF + NMF,"T=20, max_features=5000, max_df=0.85",9,传感器 / 图像 / 视觉,449,0.0454,检测装置、传感器、图像、检测设备、检测系统,检测装置、传感器、图像、检测设备、检测系统、视觉、检测平台、所述检测、进行检测、检测结果,基于物联网的太阳能LED交通信号灯及其智能联动系统；一种胶带生产用胶带粘度测试装置；一种带自发电的输液管气泡检测装置
TF-IDF + NMF,"T=20, max_features=5000, max_df=0.85",10,联网 / 终端 / 远程,646,0.0654,联网、终端、远程、服务器、信号,联网、终端、远程、服务器、信号、网络、信息、智慧、网关、传感器,一种房屋家具设计展示系统；一种基于智能匹配的漏洞威胁发现方法及系统；一种用于超宽带系统中的陶瓷芯片天线
TF-IDF + NMF,"T=20, max_features=5000, max_df=0.85",11,电机 / 齿轮 / 转轴,675,0.0683,电机、齿轮、转轴、输出、壳体,电机、齿轮、转轴、输出、壳体、啮合、食品、原料、转动轴、转动连接,一种玻璃胶生产用高速分散装置；一种结构稳定的和面机；一种机器人换电装置
TF-IDF + NMF,"T=20, max_features=5000, max_df=0.85",12,机架 / 效率 / 生产线,813,0.0823,机架、效率、生产线、自动化、送料,机架、效率、生产线、自动化、送料、输送装置、位于、气缸、传送、方向,一种膜纸自动化印刷技术生产线结构；一种制动主缸皮碗的自动装配装置；一种自动翻转脱模装置
TF-IDF + NMF,"T=20, max_features=5000, max_df=0.85",13,机器人 / 视觉 / 控制系统,373,0.0377,机器人、视觉、智能制造、运动、控制系统,机器人、视觉、智能制造、运动、控制系统、关节、基于智能、涉及智能、路径、抓取,一种基于智能仿真的牵引站运维管理系统；一种棉花打顶无人机的智能控制系统及方法；一种智能制造木料处理平台
TF-IDF + NMF,"T=20, max_features=5000, max_df=0.85",14,原料 / 食品 / 工艺,736,0.0745,原料、食品、工艺、及其应用、蛋白质,原料、食品、工艺、及其应用、蛋白质、组合、活性、合成、干细胞、采用,一种促进围绝经期女性补钙的中药组方；一种防止土地盐碱化的肥料及其制备方法；一种抑制烘焙食品多元危害物生成的方法
TF-IDF + NMF,"T=20, max_features=5000, max_df=0.85",15,底座 / 上端 / 支撑杆,449,0.0454,底座、上端、支撑杆、上方、立柱,底座、上端、支撑杆、上方、立柱、治具、夹具、高度、快速、中心,一种废水循环利用的自动洗车装置；一种脐带血干细胞储存系统及其储存方法；极片烘烤夹具
TF-IDF + NMF,"T=20, max_features=5000, max_df=0.85",16,电池 / 壳体 / 模组,225,0.0228,电池、壳体、模组、正极、锂离子,电池、壳体、模组、正极、锂离子、电芯、负极、材料、散热、新能源,域控制电池管理系统；微米级多孔硫酸亚铁钠/碳复合正极材料及其制备的钠离子电池或钠电池；光伏电池生产线的自动送料放料系统
TF-IDF + NMF,"T=20, max_features=5000, max_df=0.85",17,数据 / 管理系统 / 用户,594,0.0601,数据、实时、管理系统、采集模块、用户,数据、实时、管理系统、采集模块、用户、互联网、服务器、企业、预警、管理平台,带私有协议的数据处理取证的方法及装置；一种基于无人机信息终端的可视化数字孪生高端装备系统；一种用于研究者发起的临床研究全数据平台综合评价系统
TF-IDF + NMF,"T=20, max_features=5000, max_df=0.85",18,打印机 / 材料 / 模具,241,0.0244,打印机、材料、制造、模具、粉末,打印机、材料、制造、模具、粉末、喷头、树脂、光固化、尺寸、金属,一种刮刀防撞机构；一种3D导航定位牙套及制作方法；一种远程数字3D打印装置
TF-IDF + NMF,"T=20, max_features=5000, max_df=0.85",19,支架 / 作业 / 立柱,788,0.0797,支架、作业、立柱、水平、液压,支架、作业、立柱、水平、液压、操作平台、框架、施工平台、底板、方向,一种用于生产带孔木底托的工装模具；一种用于施工现场的便携式施工平台；一种滤清器冲压片上料定位装置
TF-IDF + NMF,"T=30, max_features=5000, max_df=0.85",0,底板 / 侧板 / 顶板,9,0.0009,底板、侧板、顶板、上端、支撑杆,底板、侧板、顶板、上端、支撑杆、电动、上方、转动连接、转轴、四个,移动平台训练机；金属缠绕垫片生产用缠绕机；一种连接件及支撑平台
TF-IDF + NMF,"T=30, max_features=5000, max_df=0.85",1,数据 / 管理系统 / 用户,555,0.0562,数据、实时、管理系统、用户、采集模块,数据、实时、管理系统、用户、采集模块、服务器、互联网、预警、智慧、企业,带私有协议的数据处理取证的方法及装置；一种基于无人机信息终端的可视化数字孪生高端装备系统；一种用于研究者发起的临床研究全数据平台综合评价系统
TF-IDF + NMF,"T=30, max_features=5000, max_df=0.85",2,光伏 / 太阳能 / 电站,266,0.0269,光伏、太阳能、电站、发电系统、边框,光伏、太阳能、电站、发电系统、边框、逆变器、蓄电池、屋面、电池板、电能,一种胶膜平整机构及光伏组件生产线；水面光伏发电系统电气性能及环境场的监测装置；一种与防水混凝土屋面一体化浇筑的光伏太阳能装置
TF-IDF + NMF,"T=30, max_features=5000, max_df=0.85",3,原料 / 食品 / 蛋白质,532,0.0538,原料、食品、及其应用、蛋白质、工艺,原料、食品、及其应用、蛋白质、工艺、组合、活性、干细胞、生物、合成,一种促进围绝经期女性补钙的中药组方；一种防止土地盐碱化的肥料及其制备方法；一种抑制烘焙食品多元危害物生成的方法
TF-IDF + NMF,"T=30, max_features=5000, max_df=0.85",4,汽车 / 新能源 / 动力电池,317,0.0321,汽车、新能源、动力电池、所述充电、散热,汽车、新能源、动力电池、所述充电、散热、零部件、线束、行驶、总成、电机,一种可用于新能源汽车的润滑脂组合物及其制备方法；一种适用于严寒酷暑环境的新能源厢式移动应急充电车；一种新能源汽车的热交换模块
TF-IDF + NMF,"T=30, max_features=5000, max_df=0.85",5,存储介质 / 目标 / 电子设备,452,0.0457,存储介质、目标、电子设备、信息、用户,存储介质、目标、电子设备、信息、用户、申请、预设、人工智能、计算机设备、实施,一种云会员信息管理系统、方法和存储平台；一种图书荐购方法、装置、设备及存储介质；5G专网投诉的识别方法、装置、设备、系统及存储介质
TF-IDF + NMF,"T=30, max_features=5000, max_df=0.85",6,模型 / 算法 / 参数,262,0.0265,模型、算法、学习、构建、参数,模型、算法、学习、构建、参数、样本、人工智能、建立、神经网络、特征,基于人工智能的流体输送系统精确计量方法及计量装置；异构可信计算/可信奖惩模型扩展；模型训练方法、数据处理方法、装置、电子设备及介质
TF-IDF + NMF,"T=30, max_features=5000, max_df=0.85",7,环保 / 太阳能 / 建筑,230,0.0233,节能、环保、太阳能、建筑、蒸汽,节能、环保、太阳能、建筑、蒸汽、热量、效果、空气、温度、功能,一种具有节能保温功能的电解铝用电解槽；一种传热性能好的夹套盘管式上升管过热蒸汽发生器；一种抗干扰性强的具备信息安全的数据信号收集塔
TF-IDF + NMF,"T=30, max_features=5000, max_df=0.85",8,储能 / 电路 / 电源,307,0.0311,储能、电路、电源、电压、开关,储能、电路、电源、电压、开关、功率、直流、供电、电网、输出,电子厂房电源保障系统实施方法；绝缘子R销复位装置；电力电子变压器的两级直流母线协调控制方法、装置
TF-IDF + NMF,"T=30, max_features=5000, max_df=0.85",9,传感器 / 信号,369,0.0373,检测装置、传感器、检测设备、检测平台、检测系统,检测装置、传感器、检测设备、检测平台、检测系统、所述检测、进行检测、检测结果、检测技术、信号,一种胶带生产用胶带粘度测试装置；一种带自发电的输液管气泡检测装置；一种多功能食品检测装置
TF-IDF + NMF,"T=30, max_features=5000, max_df=0.85",10,限位 / 弹簧 / 壳体,195,0.0197,限位、弹簧、壳体、活动连接、有限,限位、弹簧、壳体、活动连接、有限、外壳、保护、所述活动、弹性、另一端,一种锂电池排气安全阀；一种预灌封注射器生产车间用降尘设备；一种光伏产业用螺栓紧固件
TF-IDF + NMF,"T=30, max_features=5000, max_df=0.85",11,电机 / 齿轮 / 转轴,451,0.0456,电机、齿轮、转轴、输出、啮合,电机、齿轮、转轴、输出、啮合、原料、转动轴、搅拌装置、所述搅拌、轴承,一种玻璃胶生产用高速分散装置；一种结构稳定的和面机；一种5G智慧城市用LED路灯
TF-IDF + NMF,"T=30, max_features=5000, max_df=0.85",12,机架 / 生产线 / 自动化,366,0.037,机架、生产线、自动化、送料、输送装置,机架、生产线、自动化、送料、输送装置、效率、物料、传送、上料、气缸,一种自动翻转脱模装置；一种用于吸塑机的自动捡片装置；一种陶瓷材料加工用热压烧结装置
TF-IDF + NMF,"T=30, max_features=5000, max_df=0.85",13,区块 / 节点 / 交易,250,0.0253,区块、节点、交易、信息、加密,区块、节点、交易、信息、加密、合约、网络、验证、共识、认证,基于区块链的充电权分配方法以及充电权交易方法；一种基于车路协同的区块链拜占庭容错方法及系统；基于区块链技术的大数据共享并存证的方法
TF-IDF + NMF,"T=30, max_features=5000, max_df=0.85",14,石墨 / 材料 / 纳米,313,0.0317,石墨、材料、纳米、复合、性能,石墨、材料、纳米、复合、性能、分散、电极、溶液、金属、纤维,一种石墨烯面料纺织用经纱张力调节装置；一种三维结构的纳米石墨烯及其制备方法、净化空气型无机涂料及其制备方法；一种镍掺杂二硫化钼/石墨烯三维复合材料的制备方法及应用
TF-IDF + NMF,"T=30, max_features=5000, max_df=0.85",15,底座 / 上端 / 支撑杆,215,0.0218,底座、上端、支撑杆、上方、治具,底座、上端、支撑杆、上方、治具、立柱、位于、底端、高度、中心,一种脐带血干细胞储存系统及其储存方法；极片烘烤夹具；一种计算机使用的大数据运维装置
TF-IDF + NMF,"T=30, max_features=5000, max_df=0.85",16,电池 / 模组 / 锂离子,164,0.0166,电池、模组、正极、锂离子、电芯,电池、模组、正极、锂离子、电芯、负极、壳体、材料、新能源、放电,域控制电池管理系统；微米级多孔硫酸亚铁钠/碳复合正极材料及其制备的钠离子电池或钠电池；光伏电池生产线的自动送料放料系统
TF-IDF + NMF,"T=30, max_features=5000, max_df=0.85",17,联网 / 终端 / 远程,456,0.0461,联网、终端、远程、网络、信号,联网、终端、远程、网络、信号、服务器、信息、网关、接收、传感器,一种房屋家具设计展示系统；一种用于超宽带系统中的陶瓷芯片天线；一种基于物联网与云计算的鹅智能化精细饲喂系统及管控方法
TF-IDF + NMF,"T=30, max_features=5000, max_df=0.85",18,打印机 / 材料 / 粉末,182,0.0184,打印机、材料、喷头、粉末、光固化,打印机、材料、喷头、粉末、光固化、树脂、三维、制造、金属、零件,一种刮刀防撞机构；一种3D导航定位牙套及制作方法；一种远程数字3D打印装置
TF-IDF + NMF,"T=30, max_features=5000, max_df=0.85",19,模具 / 成型装置 / 产品,292,0.0296,模具、成型装置、冲压、产品、工艺,模具、成型装置、冲压、产品、工艺、下模、注塑、效率、制造、快速,一种用于生产带孔木底托的工装模具；一种机械制造用冲压车床；一种复合网版的制作方法
TF-IDF + NMF,"T=30, max_features=5000, max_df=0.85",20,滑块 / 螺纹 / 滑槽,357,0.0361,滑块、滑动连接、螺纹、滑槽、滑轨,滑块、滑动连接、螺纹、滑槽、滑轨、电动、转动连接、工作台、对称、导向,一种涂料生产用除尘设备；爆米花膨化后加工用的分装平台；一种便捷式轻质脱硫抹灰石膏加工用氧化装置
TF-IDF + NMF,"T=30, max_features=5000, max_df=0.85",21,箱体 / 体内 / 内壁,221,0.0224,箱体、散热、体内、内壁、隔板,箱体、散热、体内、内壁、隔板、食品、内腔、风扇、清理、开口,一种饲料生产用冷却装置；一种工业锅炉利用余热排渣装置；一种便于远程抄表的智能电表箱
TF-IDF + NMF,"T=30, max_features=5000, max_df=0.85",22,机器人 / 关节 / 工业互联网,208,0.0211,机器人、运动、关节、工业互联网、工件,机器人、运动、关节、工业互联网、工件、自由度、抓取、基于工业、自动化、路径,一种机器人换电装置；一种基于动态权限集的安卓特权提升攻击发现方法；人机客服的切换方法、装置、设备及存储介质
TF-IDF + NMF,"T=30, max_features=5000, max_df=0.85",23,装置主体 / 所述主体 / 主体内部,282,0.0285,装置主体、所述主体、包括主体、散热、主体内部,装置主体、所述主体、包括主体、散热、主体内部、底端、主体包括、设备主体、外侧、内侧,一种起重机安装维修安全平台；一种基于物联网高压开关柜；一种脉冲点火器的装配机构
TF-IDF + NMF,"T=30, max_features=5000, max_df=0.85",24,支架 / 角度 / 水平,321,0.0325,支架、角度、调整、水平、上端,支架、角度、调整、水平、上端、液压、延伸、下方、翻转、上方,一种滤清器冲压片上料定位装置；一种适合风沙地域防风固沙的光伏防风障；一种灵活检测汽车滤清器性能测试装置
TF-IDF + NMF,"T=30, max_features=5000, max_df=0.85",25,水资源 / 水箱 / 水泵,546,0.0553,水资源、水箱、清洗装置、水泵、喷头,水资源、水箱、清洗装置、水泵、喷头、水管、管道、污水、过滤网、浪费,一种废水循环利用的自动洗车装置；一种基于开放空间大气污染治理装置；一种生物实验用试管的初步清洗装置
TF-IDF + NMF,"T=30, max_features=5000, max_df=0.85",26,图像 / 视觉 / 机器,263,0.0266,图像、视觉、机器、区域、人工智能,图像、视觉、机器、区域、人工智能、特征、摄像头、提取、相机、缺陷,一种水电站高压输电线路驱鸟保护装置；一种棉花打顶无人机的智能控制系统及方法；双硅片加工系统
TF-IDF + NMF,"T=30, max_features=5000, max_df=0.85",27,车辆 / 交通 / 智能机器人,417,0.0422,智能制造、车辆、基于智能、交通、智能机器人,智能制造、车辆、基于智能、交通、智能机器人、所述智能、合约、智能终端、涉及智能、控制系统,基于物联网的太阳能LED交通信号灯及其智能联动系统；一种基于智能仿真的牵引站运维管理系统；一种基于智能匹配的漏洞威胁发现方法及系统
TF-IDF + NMF,"T=30, max_features=5000, max_df=0.85",28,混凝土 / 作业 / 方向,731,0.074,操作平台、混凝土、作业、方向、施工平台,操作平台、混凝土、作业、方向、施工平台、轨道、框架、水平、工装、简单,一种制动主缸皮碗的自动装配装置；一种用于施工现场的便携式施工平台；多接头线束电测试设备
TF-IDF + NMF,"T=30, max_features=5000, max_df=0.85",29,装置本体 / 效果 / 本体内部,352,0.0356,散热、装置本体、本体进行、本体包括、设备本体,散热、装置本体、本体进行、本体包括、设备本体、效果、本体内部、平台本体、保护、侧壁,一种膜纸自动化印刷技术生产线结构；一种带有防尘接口结构的光伏并网逆变器；多段锯骨机
Sentence-BERT + CETopic,"T=10, dim=5, method=tfidf_idfi",0,食品 / 农药 / 农业,978,0.099,食品、农药、农业、电机,食品、农药、农业、电机,一种水电站高压输电线路驱鸟保护装置；一种废水循环利用的自动洗车装置；一种多功能食品检测装置
Sentence-BERT + CETopic,"T=10, dim=5, method=tfidf_idfi",1,天线 / 基站 / 网络,176,0.0178,天线、基站、网络、信号、终端,天线、基站、网络、信号、终端、频段、核心网、滤波器、巡检,一种信息通信5G转换设备；一种交直流屏自诊断方法；5G专网投诉的识别方法、装置、设备、系统及存储介质
Sentence-BERT + CETopic,"T=10, dim=5, method=tfidf_idfi",2,联网 / 数据 / 传感器,1500,0.1518,联网、数据、传感器、无人机,联网、数据、传感器、无人机,基于人工智能的流体输送系统精确计量方法及计量装置；电子厂房电源保障系统实施方法；一种基于无人机信息终端的可视化数字孪生高端装备系统
Sentence-BERT + CETopic,"T=10, dim=5, method=tfidf_idfi",3,电机 / 底座 / 模具,2114,0.2139,电机、底座、模具、支架、限位,电机、底座、模具、支架、限位,一种用于生产带孔木底托的工装模具；一种机械制造用冲压车床；一种胶带生产用胶带粘度测试装置
Sentence-BERT + CETopic,"T=10, dim=5, method=tfidf_idfi",4,光伏 / 电池 / 新能源,1128,0.1142,光伏、电池、新能源、太阳能,光伏、电池、新能源、太阳能,一种胶膜平整机构及光伏组件生产线；基于物联网的太阳能LED交通信号灯及其智能联动系统；一种带有防尘接口结构的光伏并网逆变器
Sentence-BERT + CETopic,"T=10, dim=5, method=tfidf_idfi",5,石墨 / 材料 / 干细胞,855,0.0865,石墨、材料、干细胞、纳米、蛋白,石墨、材料、干细胞、纳米、蛋白、基因、复合,一种促进围绝经期女性补钙的中药组方；一种防止土地盐碱化的肥料及其制备方法；一种脐带血干细胞储存系统及其储存方法
Sentence-BERT + CETopic,"T=10, dim=5, method=tfidf_idfi",6,机器人 / 关节,158,0.016,机器人、关节,机器人、关节,一种机器人换电装置；一种智能遛狗机器人；一种内镜手术器械输送装置、控制方法及机器人系统
Sentence-BERT + CETopic,"T=10, dim=5, method=tfidf_idfi",7,打印机 / 光固化 / 线材,196,0.0198,打印机、印刷、光固化、喷头、线材,打印机、印刷、光固化、喷头、线材,一种膜纸自动化印刷技术生产线结构；一种刮刀防撞机构；一种3D导航定位牙套及制作方法
Sentence-BERT + CETopic,"T=10, dim=5, method=tfidf_idfi",8,数据 / 区块 / 存储介质,1714,0.1735,数据、区块、存储介质、目标、用户,数据、区块、存储介质、目标、用户、模型、联网,基于区块链的充电权分配方法以及充电权交易方法；带私有协议的数据处理取证的方法及装置；一种云会员信息管理系统、方法和存储平台
Sentence-BERT + CETopic,"T=10, dim=5, method=tfidf_idfi",9,石墨 / 玻璃 / 蒸汽,1062,0.1075,石墨、玻璃、蒸汽、换热器、管道,石墨、玻璃、蒸汽、换热器、管道、电机,一种玻璃胶生产用高速分散装置；一种基于开放空间大气污染治理装置；一种带自发电的输液管气泡检测装置
Sentence-BERT + CETopic,"T=10, dim=2, method=tfidf_idfi",0,模具 / 玻璃 / 电机,1019,0.1031,模具、玻璃、打磨、电机、限位,模具、玻璃、打磨、电机、限位、机架,一种机械制造用冲压车床；一种胶带生产用胶带粘度测试装置；一种玻璃胶生产用高速分散装置
Sentence-BERT + CETopic,"T=10, dim=2, method=tfidf_idfi",1,数据 / 区块 / 存储介质,1689,0.1709,数据、区块、存储介质、目标、业务,数据、区块、存储介质、目标、业务、用户、模型、联网、文本,基于区块链的充电权分配方法以及充电权交易方法；带私有协议的数据处理取证的方法及装置；一种云会员信息管理系统、方法和存储平台
Sentence-BERT + CETopic,"T=10, dim=2, method=tfidf_idfi",2,数据 / 联网 / 光伏,657,0.0665,数据、联网、光伏、模型,数据、联网、光伏、模型,基于人工智能的流体输送系统精确计量方法及计量装置；电子厂房电源保障系统实施方法；水面光伏发电系统电气性能及环境场的监测装置
Sentence-BERT + CETopic,"T=10, dim=2, method=tfidf_idfi",3,石墨 / 食品 / 材料,1076,0.1089,石墨、食品、材料、纳米、干细胞,石墨、食品、材料、纳米、干细胞、蛋白、基因,一种促进围绝经期女性补钙的中药组方；一种防止土地盐碱化的肥料及其制备方法；一种脐带血干细胞储存系统及其储存方法
Sentence-BERT + CETopic,"T=10, dim=2, method=tfidf_idfi",4,光伏 / 电池 / 太阳能,1086,0.1099,光伏、电池、太阳能、新能源、汽车,光伏、电池、太阳能、新能源、汽车,一种胶膜平整机构及光伏组件生产线；基于物联网的太阳能LED交通信号灯及其智能联动系统；一种带有防尘接口结构的光伏并网逆变器
Sentence-BERT + CETopic,"T=10, dim=2, method=tfidf_idfi",5,机器人 / 天线 / 基站,339,0.0343,机器人、天线、基站,机器人、天线、基站,一种机器人换电装置；一种信息通信5G转换设备；一种交直流屏自诊断方法
Sentence-BERT + CETopic,"T=10, dim=2, method=tfidf_idfi",6,蒸汽 / 石墨 / 水箱,1397,0.1414,蒸汽、石墨、水箱,蒸汽、石墨、水箱,一种水电站高压输电线路驱鸟保护装置；一种废水循环利用的自动洗车装置；一种基于开放空间大气污染治理装置
Sentence-BERT + CETopic,"T=10, dim=2, method=tfidf_idfi",7,打印机 / 水泥 / 光固化,214,0.0217,打印机、水泥、光固化、印刷、耗材,打印机、水泥、光固化、印刷、耗材,一种膜纸自动化印刷技术生产线结构；一种刮刀防撞机构；一种3D导航定位牙套及制作方法
Sentence-BERT + CETopic,"T=10, dim=2, method=tfidf_idfi",8,电机 / 底座 / 支架,1381,0.1398,电机、底座、支架、汽车、轮毂,电机、底座、支架、汽车、轮毂、施工平台,一种用于生产带孔木底托的工装模具；一种自动翻转脱模装置；一种用于施工现场的便携式施工平台
Sentence-BERT + CETopic,"T=10, dim=2, method=tfidf_idfi",9,联网 / 无人机 / 传感器,1023,0.1035,联网、无人机、传感器、激光、检测装置,联网、无人机、传感器、激光、检测装置、数据,一种基于无人机信息终端的可视化数字孪生高端装备系统；一种房屋家具设计展示系统；多接头线束电测试设备
Sentence-BERT + CETopic,"T=10, dim=-1, method=tfidf_idfi",0,机器人 / 无人机,674,0.0682,机器人、无人机,机器人、无人机,一种基于无人机信息终端的可视化数字孪生高端装备系统；一种自动翻转脱模装置；一种基于智能仿真的牵引站运维管理系统
Sentence-BERT + CETopic,"T=10, dim=-1, method=tfidf_idfi",1,食品 / 电机 / 机架,1330,0.1346,食品、电机、机架、模具,食品、电机、机架、模具,一种胶带生产用胶带粘度测试装置；一种玻璃胶生产用高速分散装置；一种制动主缸皮碗的自动装配装置
Sentence-BERT + CETopic,"T=10, dim=-1, method=tfidf_idfi",2,水箱 / 蒸汽 / 环保,1119,0.1132,水箱、蒸汽、环保、节能、废水,水箱、蒸汽、环保、节能、废水、水资源,一种废水循环利用的自动洗车装置；一种脐带血干细胞储存系统及其储存方法；一种基于开放空间大气污染治理装置
Sentence-BERT + CETopic,"T=10, dim=-1, method=tfidf_idfi",3,联网 / 信号 / 数据,1009,0.1021,联网、信号、数据、天线,联网、信号、数据、天线,一种水电站高压输电线路驱鸟保护装置；基于物联网的太阳能LED交通信号灯及其智能联动系统；多接头线束电测试设备
Sentence-BERT + CETopic,"T=10, dim=-1, method=tfidf_idfi",4,石墨 / 材料 / 纳米,882,0.0893,石墨、材料、纳米、蛋白、复合,石墨、材料、纳米、蛋白、复合、活性,一种促进围绝经期女性补钙的中药组方；一种防止土地盐碱化的肥料及其制备方法；一种可用于新能源汽车的润滑脂组合物及其制备方法
Sentence-BERT + CETopic,"T=10, dim=-1, method=tfidf_idfi",5,光伏 / 电池 / 新能源,1071,0.1084,光伏、电池、新能源、太阳能,光伏、电池、新能源、太阳能,电子厂房电源保障系统实施方法；水面光伏发电系统电气性能及环境场的监测装置；一种带有防尘接口结构的光伏并网逆变器
Sentence-BERT + CETopic,"T=10, dim=-1, method=tfidf_idfi",6,打印机 / 光固化 / 树脂,208,0.0211,打印机、印刷、光固化、树脂,打印机、印刷、光固化、树脂,一种膜纸自动化印刷技术生产线结构；一种刮刀防撞机构；一种3D导航定位牙套及制作方法
Sentence-BERT + CETopic,"T=10, dim=-1, method=tfidf_idfi",7,支架 / 底座 / 光伏,1530,0.1548,支架、底座、光伏、限位、螺纹,支架、底座、光伏、限位、螺纹、底板、施工平台,一种胶膜平整机构及光伏组件生产线；一种用于生产带孔木底托的工装模具；一种机械制造用冲压车床
Sentence-BERT + CETopic,"T=10, dim=-1, method=tfidf_idfi",8,数据 / 模型 / 存储介质,1207,0.1222,数据、模型、存储介质、目标、文本,数据、模型、存储介质、目标、文本、图像、用户、人工智能,基于人工智能的流体输送系统精确计量方法及计量装置；一种图书荐购方法、装置、设备及存储介质；一种多功能食品检测装置
Sentence-BERT + CETopic,"T=10, dim=-1, method=tfidf_idfi",9,区块 / 数据 / 联网,851,0.0861,区块、数据、联网、交易、业务,区块、数据、联网、交易、业务、加密、节点,基于区块链的充电权分配方法以及充电权交易方法；带私有协议的数据处理取证的方法及装置；一种云会员信息管理系统、方法和存储平台
Sentence-BERT + CETopic,"T=20, dim=5, method=tfidf_idfi",0,汽车 / 新能源 / 轮毂,858,0.0868,汽车、新能源、轮毂、电缆、电机,汽车、新能源、轮毂、电缆、电机、轨道,一种自动翻转脱模装置；一种用于吸塑机的自动捡片装置；一种适用于电解槽大修的滑移式安全护栏
Sentence-BERT + CETopic,"T=20, dim=5, method=tfidf_idfi",1,数据 / 联网 / 车辆,674,0.0682,数据、联网、车辆、预警,数据、联网、车辆、预警,一种基于无人机信息终端的可视化数字孪生高端装备系统；一种基于智能仿真的牵引站运维管理系统；一种工业互联网平台应用评价方法及其评价系统
Sentence-BERT + CETopic,"T=20, dim=5, method=tfidf_idfi",2,石墨 / 材料 / 纳米,508,0.0514,石墨、材料、纳米、催化剂、聚合物,石墨、材料、纳米、催化剂、聚合物,一种可用于新能源汽车的润滑脂组合物及其制备方法；一种复合网版的制作方法；微米级多孔硫酸亚铁钠/碳复合正极材料及其制备的钠离子电池或钠电池
Sentence-BERT + CETopic,"T=20, dim=5, method=tfidf_idfi",3,数据 / 文本 / 存储介质,707,0.0716,数据、文本、存储介质、目标、模型,数据、文本、存储介质、目标、模型、图像、用户、推荐、语音,一种图书荐购方法、装置、设备及存储介质；一种用于研究者发起的临床研究全数据平台综合评价系统；模型训练方法、数据处理方法、装置、电子设备及介质
Sentence-BERT + CETopic,"T=20, dim=5, method=tfidf_idfi",4,食品 / 农药 / 加工机,418,0.0423,食品、农药、加工机、饲料、大米,食品、农药、加工机、饲料、大米、电机、原料,一种多功能食品检测装置；一种偶氮颜料连续化合成微混合器及其连续化制备方法；一种结构稳定的和面机
Sentence-BERT + CETopic,"T=20, dim=5, method=tfidf_idfi",5,激光 / 传感器 / 城市轨道交通,593,0.06,激光、检测装置、传感器、试验、城市轨道交通,激光、检测装置、传感器、试验、城市轨道交通,水面光伏发电系统电气性能及环境场的监测装置；多接头线束电测试设备；一种望远镜镜筒智能制造装置
Sentence-BERT + CETopic,"T=20, dim=5, method=tfidf_idfi",6,电池 / 新能源 / 汽车,386,0.0391,电池、新能源、汽车,电池、新能源、汽车,域控制电池管理系统；一种具有节能保温功能的电解铝用电解槽；光伏电池生产线的自动送料放料系统
Sentence-BERT + CETopic,"T=20, dim=5, method=tfidf_idfi",7,废水处理 / 污水处理 / 除尘,764,0.0773,废水处理、污水处理、除尘、垃圾,废水处理、污水处理、除尘、垃圾,一种废水循环利用的自动洗车装置；一种基于开放空间大气污染治理装置；一种滤清器冲压片上料定位装置
Sentence-BERT + CETopic,"T=20, dim=5, method=tfidf_idfi",8,打印机 / 光固化 / 线材,196,0.0198,打印机、印刷、光固化、线材、耗材,打印机、印刷、光固化、线材、耗材,一种膜纸自动化印刷技术生产线结构；一种刮刀防撞机构；一种3D导航定位牙套及制作方法
Sentence-BERT + CETopic,"T=20, dim=5, method=tfidf_idfi",9,机器人 / 关节,158,0.016,机器人、关节,机器人、关节,一种机器人换电装置；一种智能遛狗机器人；一种内镜手术器械输送装置、控制方法及机器人系统
Sentence-BERT + CETopic,"T=20, dim=5, method=tfidf_idfi",10,玻璃 / 模具 / 口罩,788,0.0797,玻璃、模具、包装、口罩、打磨,玻璃、模具、包装、口罩、打磨、服装、机架,一种胶带生产用胶带粘度测试装置；一种玻璃胶生产用高速分散装置；一种制动主缸皮碗的自动装配装置
Sentence-BERT + CETopic,"T=20, dim=5, method=tfidf_idfi",11,干细胞 / 蛋白 / 基因,358,0.0362,干细胞、蛋白、基因、茶叶、及其应用,干细胞、蛋白、基因、茶叶、及其应用、充质,一种促进围绝经期女性补钙的中药组方；一种防止土地盐碱化的肥料及其制备方法；一种脐带血干细胞储存系统及其储存方法
Sentence-BERT + CETopic,"T=20, dim=5, method=tfidf_idfi",12,天线 / 基站 / 网络,176,0.0178,天线、基站、网络、信号、频段,天线、基站、网络、信号、频段、终端、核心网、滤波器,一种信息通信5G转换设备；一种交直流屏自诊断方法；5G专网投诉的识别方法、装置、设备、系统及存储介质
Sentence-BERT + CETopic,"T=20, dim=5, method=tfidf_idfi",13,联网 / 无人机 / 数据,512,0.0518,联网、无人机、数据、摄像头、显示屏,联网、无人机、数据、摄像头、显示屏、人工智能,一种房屋家具设计展示系统；一种基于物联网的自动包装系统；一种计算机使用的大数据运维装置
Sentence-BERT + CETopic,"T=20, dim=5, method=tfidf_idfi",14,光伏 / 太阳能 / 路灯,460,0.0466,光伏、太阳能、路灯、边框、屋面,光伏、太阳能、路灯、边框、屋面、支架,一种胶膜平整机构及光伏组件生产线；基于物联网的太阳能LED交通信号灯及其智能联动系统；一种带有防尘接口结构的光伏并网逆变器
Sentence-BERT + CETopic,"T=20, dim=5, method=tfidf_idfi",15,混凝土 / 模具 / 钢筋,786,0.0795,施工平台、混凝土、模具、钢筋、钢梁,施工平台、混凝土、模具、钢筋、钢梁、楼梯、冲压,一种用于生产带孔木底托的工装模具；一种机械制造用冲压车床；一种用于施工现场的便携式施工平台
Sentence-BERT + CETopic,"T=20, dim=5, method=tfidf_idfi",16,蒸汽 / 石墨 / 换热器,447,0.0452,蒸汽、石墨、冷却装置、换热器、发热,蒸汽、石墨、冷却装置、换热器、发热、空调、热泵,一种带自发电的输液管气泡检测装置；一种陶瓷材料加工用热压烧结装置；MQ硅树脂生产用高效冷却装置
Sentence-BERT + CETopic,"T=20, dim=5, method=tfidf_idfi",17,储能 / 光伏 / 电路,411,0.0416,储能、光伏、电路、电网、功率,储能、光伏、电路、电网、功率、直流、电压,基于人工智能的流体输送系统精确计量方法及计量装置；电子厂房电源保障系统实施方法；电力电子变压器的两级直流母线协调控制方法、装置
Sentence-BERT + CETopic,"T=20, dim=5, method=tfidf_idfi",18,农业 / 联网 / 数据,115,0.0116,农业、联网、数据、病虫害、土壤,农业、联网、数据、病虫害、土壤、智慧,一种水电站高压输电线路驱鸟保护装置；一种基于物联网与云计算的鹅智能化精细饲喂系统及管控方法；一种基于物联网大数据的农业监控系统
Sentence-BERT + CETopic,"T=20, dim=5, method=tfidf_idfi",19,区块 / 数据 / 交易,566,0.0573,区块、数据、交易、加密、节点,区块、数据、交易、加密、节点、业务、认证,基于区块链的充电权分配方法以及充电权交易方法；带私有协议的数据处理取证的方法及装置；一种云会员信息管理系统、方法和存储平台
Sentence-BERT + CETopic,"T=20, dim=2, method=tfidf_idfi",0,混凝土 / 钢筋 / 模具,811,0.0821,施工平台、混凝土、钢筋、模具、楼梯,施工平台、混凝土、钢筋、模具、楼梯、底座、钢梁、冲压,一种用于生产带孔木底托的工装模具；一种机械制造用冲压车床；一种用于施工现场的便携式施工平台
Sentence-BERT + CETopic,"T=20, dim=2, method=tfidf_idfi",1,无人机 / 联网 / 激光,557,0.0564,无人机、联网、激光、数据、视觉,无人机、联网、激光、数据、视觉、镜头、人工智能,一种基于无人机信息终端的可视化数字孪生高端装备系统；一种房屋家具设计展示系统；一种基于物联网的自动包装系统
Sentence-BERT + CETopic,"T=20, dim=2, method=tfidf_idfi",2,石墨 / 材料 / 纳米,495,0.0501,石墨、材料、纳米、聚合物、催化剂,石墨、材料、纳米、聚合物、催化剂、凝胶,一种可用于新能源汽车的润滑脂组合物及其制备方法；一种复合网版的制作方法；微米级多孔硫酸亚铁钠/碳复合正极材料及其制备的钠离子电池或钠电池
Sentence-BERT + CETopic,"T=20, dim=2, method=tfidf_idfi",3,储能 / 光伏 / 电路,399,0.0404,储能、光伏、电路、直流、电网,储能、光伏、电路、直流、电网、功率、电压,基于人工智能的流体输送系统精确计量方法及计量装置；电子厂房电源保障系统实施方法；电力电子变压器的两级直流母线协调控制方法、装置
Sentence-BERT + CETopic,"T=20, dim=2, method=tfidf_idfi",4,蒸汽 / 石墨 / 换热器,554,0.0561,蒸汽、冷却装置、石墨、换热器、发热,蒸汽、冷却装置、石墨、换热器、发热、余热、空调,一种水电站高压输电线路驱鸟保护装置；一种陶瓷材料加工用热压烧结装置；MQ硅树脂生产用高效冷却装置
Sentence-BERT + CETopic,"T=20, dim=2, method=tfidf_idfi",5,区块 / 交易 / 数据,419,0.0424,区块、交易、数据、加密、节点,区块、交易、数据、加密、节点、认证、密钥,基于区块链的充电权分配方法以及充电权交易方法；一种图书荐购方法、装置、设备及存储介质；一种基于智能匹配的漏洞威胁发现方法及系统
Sentence-BERT + CETopic,"T=20, dim=2, method=tfidf_idfi",6,机器人 / 关节,160,0.0162,机器人、关节,机器人、关节,一种机器人换电装置；一种智能遛狗机器人；一种内镜手术器械输送装置、控制方法及机器人系统
Sentence-BERT + CETopic,"T=20, dim=2, method=tfidf_idfi",7,食品 / 农药 / 加工机,464,0.047,食品、农药、加工机、茶叶、电机,食品、农药、加工机、茶叶、电机、饲料、原料,一种多功能食品检测装置；一种偶氮颜料连续化合成微混合器及其连续化制备方法；一种结构稳定的和面机
Sentence-BERT + CETopic,"T=20, dim=2, method=tfidf_idfi",8,数据 / 存储介质 / 文本,651,0.0659,数据、存储介质、文本、目标、模型,数据、存储介质、文本、目标、模型、图像、用户、推荐、电子设备,一种用于研究者发起的临床研究全数据平台综合评价系统；模型训练方法、数据处理方法、装置、电子设备及介质；业务处理方法、设备以及存储介质
Sentence-BERT + CETopic,"T=20, dim=2, method=tfidf_idfi",9,轨道交通 / 传感器,456,0.0461,检测装置、轨道交通、试验、传感器、测试平台,检测装置、轨道交通、试验、传感器、测试平台,一种带自发电的输液管气泡检测装置；多接头线束电测试设备；一种交通管制电子监控设备
Sentence-BERT + CETopic,"T=20, dim=2, method=tfidf_idfi",10,汽车 / 轮毂 / 新能源,767,0.0776,汽车、轮毂、新能源、电机、电缆,汽车、轮毂、新能源、电机、电缆,一种自动翻转脱模装置；绝缘子R销复位装置；一种用于吸塑机的自动捡片装置
Sentence-BERT + CETopic,"T=20, dim=2, method=tfidf_idfi",11,打印机 / 光固化 / 耗材,197,0.0199,打印机、印刷、光固化、耗材、线材,打印机、印刷、光固化、耗材、线材,一种膜纸自动化印刷技术生产线结构；一种刮刀防撞机构；一种3D导航定位牙套及制作方法
Sentence-BERT + CETopic,"T=20, dim=2, method=tfidf_idfi",12,数据 / 联网 / 业务,627,0.0635,数据、联网、业务、服务器、车辆,数据、联网、业务、服务器、车辆、终端、管理系统,带私有协议的数据处理取证的方法及装置；一种云会员信息管理系统、方法和存储平台；一种基于智能仿真的牵引站运维管理系统
Sentence-BERT + CETopic,"T=20, dim=2, method=tfidf_idfi",13,电池 / 新能源 / 汽车,423,0.0428,电池、新能源、汽车,电池、新能源、汽车,域控制电池管理系统；一种具有节能保温功能的电解铝用电解槽；光伏电池生产线的自动送料放料系统
Sentence-BERT + CETopic,"T=20, dim=2, method=tfidf_idfi",14,玻璃 / 口罩 / 机架,773,0.0782,玻璃、口罩、机架、模具、服装,玻璃、口罩、机架、模具、服装、包装,一种胶带生产用胶带粘度测试装置；一种玻璃胶生产用高速分散装置；一种制动主缸皮碗的自动装配装置
Sentence-BERT + CETopic,"T=20, dim=2, method=tfidf_idfi",15,天线 / 基站 / 网络,179,0.0181,天线、基站、网络、频段、信号,天线、基站、网络、频段、信号、终端、核心网、巡检、滤波器,一种信息通信5G转换设备；一种交直流屏自诊断方法；5G专网投诉的识别方法、装置、设备、系统及存储介质
Sentence-BERT + CETopic,"T=20, dim=2, method=tfidf_idfi",16,废水处理 / 污水 / 除尘,646,0.0654,废水处理、污水、除尘,废水处理、污水、除尘,一种废水循环利用的自动洗车装置；一种基于开放空间大气污染治理装置；一种滤清器冲压片上料定位装置
Sentence-BERT + CETopic,"T=20, dim=2, method=tfidf_idfi",17,干细胞 / 蛋白 / 基因,355,0.0359,干细胞、蛋白、基因、及其应用、植物,干细胞、蛋白、基因、及其应用、植物、充质,一种促进围绝经期女性补钙的中药组方；一种防止土地盐碱化的肥料及其制备方法；一种脐带血干细胞储存系统及其储存方法
Sentence-BERT + CETopic,"T=20, dim=2, method=tfidf_idfi",18,光伏 / 太阳能 / 路灯,443,0.0448,光伏、太阳能、路灯、边框、屋面,光伏、太阳能、路灯、边框、屋面、支架,一种胶膜平整机构及光伏组件生产线；基于物联网的太阳能LED交通信号灯及其智能联动系统；一种带有防尘接口结构的光伏并网逆变器
Sentence-BERT + CETopic,"T=20, dim=2, method=tfidf_idfi",19,联网 / 数据 / 农业,505,0.0511,联网、数据、预警、农业、环境监测,联网、数据、预警、农业、环境监测,水面光伏发电系统电气性能及环境场的监测装置；一种基于物联网与云计算的鹅智能化精细饲喂系统及管控方法；一种应急预警广播系统
Sentence-BERT + CETopic,"T=20, dim=-1, method=tfidf_idfi",0,传感器 / 数据,570,0.0577,检测装置、传感器、检测设备、检测系统、数据,检测装置、传感器、检测设备、检测系统、数据、监测系统,一种多功能食品检测装置；多接头线束电测试设备；一种果蔬新烟碱类农药残留多通道试纸检测装置
Sentence-BERT + CETopic,"T=20, dim=-1, method=tfidf_idfi",1,机器人 / 无人机 / 关节,206,0.0208,机器人、无人机、关节,机器人、无人机、关节,一种基于无人机信息终端的可视化数字孪生高端装备系统；一种机器人换电装置；一种棉花打顶无人机的智能控制系统及方法
Sentence-BERT + CETopic,"T=20, dim=-1, method=tfidf_idfi",2,数据 / 业务 / 联网,788,0.0797,数据、业务、联网、服务器、终端,数据、业务、联网、服务器、终端、存储介质,带私有协议的数据处理取证的方法及装置；一种云会员信息管理系统、方法和存储平台；一种房屋家具设计展示系统
Sentence-BERT + CETopic,"T=20, dim=-1, method=tfidf_idfi",3,石墨 / 材料 / 纳米,514,0.052,石墨、材料、纳米、催化剂、聚合物,石墨、材料、纳米、催化剂、聚合物,一种可用于新能源汽车的润滑脂组合物及其制备方法；一种复合网版的制作方法；一种偶氮颜料连续化合成微混合器及其连续化制备方法
Sentence-BERT + CETopic,"T=20, dim=-1, method=tfidf_idfi",4,联网 / 数据 / 显示屏,542,0.0549,联网、数据、显示屏、摄像头、网关,联网、数据、显示屏、摄像头、网关、终端,一种基于智能仿真的牵引站运维管理系统；一种基于物联网的自动包装系统；一种计算机使用的大数据运维装置
Sentence-BERT + CETopic,"T=20, dim=-1, method=tfidf_idfi",5,支架 / 混凝土 / 钢梁,758,0.0767,施工平台、支架、混凝土、钢梁、底座,施工平台、支架、混凝土、钢梁、底座、螺纹、钢筋、限位,一种胶膜平整机构及光伏组件生产线；一种用于生产带孔木底托的工装模具；一种用于施工现场的便携式施工平台
Sentence-BERT + CETopic,"T=20, dim=-1, method=tfidf_idfi",6,模具 / 电机 / 机架,974,0.0986,模具、打磨、电机、机架、切割机,模具、打磨、电机、机架、切割机、布料,一种胶带生产用胶带粘度测试装置；一种玻璃胶生产用高速分散装置；绝缘子R销复位装置
Sentence-BERT + CETopic,"T=20, dim=-1, method=tfidf_idfi",7,光伏 / 电池 / 太阳能,589,0.0596,光伏、电池、太阳能、新能源、汽车,光伏、电池、太阳能、新能源、汽车,一种带有防尘接口结构的光伏并网逆变器；域控制电池管理系统；一种适合风沙地域防风固沙的光伏防风障
Sentence-BERT + CETopic,"T=20, dim=-1, method=tfidf_idfi",8,蒸汽 / 换热器 / 石墨,560,0.0567,蒸汽、冷却装置、换热器、石墨、热交换器,蒸汽、冷却装置、换热器、石墨、热交换器、发热、蓄热、热泵,一种陶瓷材料加工用热压烧结装置；MQ硅树脂生产用高效冷却装置；一种基于帕尔贴效应的海岛风光互补水电联产装置
Sentence-BERT + CETopic,"T=20, dim=-1, method=tfidf_idfi",9,汽车 / 轮毂 / 新能源,761,0.077,汽车、轮毂、新能源、电机、支架,汽车、轮毂、新能源、电机、支架、齿轮,一种机械制造用冲压车床；一种制动主缸皮碗的自动装配装置；一种自动翻转脱模装置
Sentence-BERT + CETopic,"T=20, dim=-1, method=tfidf_idfi",10,天线 / 基站 / 信号,195,0.0197,天线、基站、信号、频段、网络,天线、基站、信号、频段、网络、终端、核心网、滤波器,一种信息通信5G转换设备；一种5G智慧城市用LED路灯；5G专网投诉的识别方法、装置、设备、系统及存储介质
Sentence-BERT + CETopic,"T=20, dim=-1, method=tfidf_idfi",11,数据 / 存储介质 / 文本,726,0.0735,数据、存储介质、文本、模型、目标,数据、存储介质、文本、模型、目标、图像、人工智能、推荐、电子设备,基于人工智能的流体输送系统精确计量方法及计量装置；一种图书荐购方法、装置、设备及存储介质；一种用于研究者发起的临床研究全数据平台综合评价系统
Sentence-BERT + CETopic,"T=20, dim=-1, method=tfidf_idfi",12,废水处理 / 除尘 / 污水,595,0.0602,废水处理、除尘、污水、水箱、水资源,废水处理、除尘、污水、水箱、水资源,一种废水循环利用的自动洗车装置；一种脐带血干细胞储存系统及其储存方法；一种基于开放空间大气污染治理装置
Sentence-BERT + CETopic,"T=20, dim=-1, method=tfidf_idfi",13,蛋白 / 基因 / 细胞,353,0.0357,蛋白、基因、细胞、及其应用、提取物,蛋白、基因、细胞、及其应用、提取物、化合物、培养基,一种促进围绝经期女性补钙的中药组方；一种抑制烘焙食品多元危害物生成的方法；间充质干细胞培养用无血清培养基及用途
Sentence-BERT + CETopic,"T=20, dim=-1, method=tfidf_idfi",14,储能 / 光伏 / 电网,464,0.047,储能、光伏、电网、功率、电压,储能、光伏、电网、功率、电压、电路、新能源,一种水电站高压输电线路驱鸟保护装置；电子厂房电源保障系统实施方法；水面光伏发电系统电气性能及环境场的监测装置
Sentence-BERT + CETopic,"T=20, dim=-1, method=tfidf_idfi",15,区块 / 交易 / 加密,268,0.0271,区块、交易、加密、节点、数据,区块、交易、加密、节点、数据、密钥、合约、认证,基于区块链的充电权分配方法以及充电权交易方法；一种基于智能匹配的漏洞威胁发现方法及系统；一种基于车路协同的区块链拜占庭容错方法及系统
Sentence-BERT + CETopic,"T=20, dim=-1, method=tfidf_idfi",16,农业 / 农药 / 土壤,186,0.0188,农业、施肥、农药、培育、栽培,农业、施肥、农药、培育、栽培、喷灌、土壤,一种防止土地盐碱化的肥料及其制备方法；一种基于物联网大数据的农业监控系统；一种节能环保自动施肥的林业育苗装置
Sentence-BERT + CETopic,"T=20, dim=-1, method=tfidf_idfi",17,打印机 / 光固化 / 线材,192,0.0194,打印机、光固化、线材、印刷机、喷头,打印机、光固化、线材、印刷机、喷头,一种膜纸自动化印刷技术生产线结构；一种刮刀防撞机构；一种3D导航定位牙套及制作方法
Sentence-BERT + CETopic,"T=20, dim=-1, method=tfidf_idfi",18,路灯 / 激光 / 灯罩,255,0.0258,路灯、激光、灯罩、光伏、灯杆,路灯、激光、灯罩、光伏、灯杆、太阳能、光学、波导、光纤,基于物联网的太阳能LED交通信号灯及其智能联动系统；一种望远镜镜筒智能制造装置；一种激光成像设备以及激光成像方法
Sentence-BERT + CETopic,"T=20, dim=-1, method=tfidf_idfi",19,食品 / 加工机 / 电机,385,0.039,食品、加工机、电机、农药、搅拌装置,食品、加工机、电机、农药、搅拌装置、饲料,一种结构稳定的和面机；智能食材搅拌设备；一种饲料生产用冷却装置
Sentence-BERT + CETopic,"T=30, dim=5, method=tfidf_idfi",0,模具 / 机架,564,0.0571,冲压、模具、打磨、机架、吸嘴,冲压、模具、打磨、机架、吸嘴,一种用于生产带孔木底托的工装模具；一种机械制造用冲压车床；一种制动主缸皮碗的自动装配装置
Sentence-BERT + CETopic,"T=30, dim=5, method=tfidf_idfi",1,数据 / 业务 / 存储介质,507,0.0513,数据、业务、存储介质、攻击、支付,数据、业务、存储介质、攻击、支付、服务、网络安全,带私有协议的数据处理取证的方法及装置；一种图书荐购方法、装置、设备及存储介质；一种用于研究者发起的临床研究全数据平台综合评价系统
Sentence-BERT + CETopic,"T=30, dim=5, method=tfidf_idfi",2,干细胞 / 蛋白 / 基因,358,0.0362,干细胞、蛋白、基因、及其应用、茶叶,干细胞、蛋白、基因、及其应用、茶叶、充质,一种促进围绝经期女性补钙的中药组方；一种防止土地盐碱化的肥料及其制备方法；一种脐带血干细胞储存系统及其储存方法
Sentence-BERT + CETopic,"T=30, dim=5, method=tfidf_idfi",3,数据 / 故障 / 联网,282,0.0285,数据、故障、预警、联网、消防,数据、故障、预警、联网、消防,一种应急预警广播系统；一种基于人工智能的空气颗粒物分析预警方法和装置；一种光伏组件缺陷检测模型的可视化迭代生产系统
Sentence-BERT + CETopic,"T=30, dim=5, method=tfidf_idfi",4,电池 / 新能源,377,0.0382,电池、新能源、汽车充电,电池、新能源、汽车充电,域控制电池管理系统；一种具有节能保温功能的电解铝用电解槽；光伏电池生产线的自动送料放料系统
Sentence-BERT + CETopic,"T=30, dim=5, method=tfidf_idfi",5,废水 / 污水处理 / 垃圾,406,0.0411,废水、污水处理、垃圾,废水、污水处理、垃圾,一种废水循环利用的自动洗车装置；一种滤清器冲压片上料定位装置；一种方便低谷用电的洗衣机及其用电管理方法
Sentence-BERT + CETopic,"T=30, dim=5, method=tfidf_idfi",6,机器人 / 关节,158,0.016,机器人、关节,机器人、关节,一种机器人换电装置；一种智能遛狗机器人；一种内镜手术器械输送装置、控制方法及机器人系统
Sentence-BERT + CETopic,"T=30, dim=5, method=tfidf_idfi",7,打印机 / 光固化 / 线材,196,0.0198,打印机、印刷、光固化、线材、喷墨,打印机、印刷、光固化、线材、喷墨,一种膜纸自动化印刷技术生产线结构；一种刮刀防撞机构；一种3D导航定位牙套及制作方法
Sentence-BERT + CETopic,"T=30, dim=5, method=tfidf_idfi",8,天线 / 基站 / 网络,176,0.0178,天线、基站、网络、频段、信号,天线、基站、网络、频段、信号、终端、核心网、滤波器、巡检,一种信息通信5G转换设备；一种交直流屏自诊断方法；5G专网投诉的识别方法、装置、设备、系统及存储介质
Sentence-BERT + CETopic,"T=30, dim=5, method=tfidf_idfi",9,食品 / 农药 / 加工机,409,0.0414,食品、农药、加工机、饲料、大米,食品、农药、加工机、饲料、大米、电机,一种多功能食品检测装置；一种偶氮颜料连续化合成微混合器及其连续化制备方法；一种结构稳定的和面机
Sentence-BERT + CETopic,"T=30, dim=5, method=tfidf_idfi",10,除尘 / 反应器 / 反应釜,225,0.0228,除尘、反应器、反应釜、降尘、气化,除尘、反应器、反应釜、降尘、气化,一种基于开放空间大气污染治理装置；一种涂料生产用除尘设备；隔板塔分离重整碳十芳烃的装置
Sentence-BERT + CETopic,"T=30, dim=5, method=tfidf_idfi",11,蒸汽 / 换热器 / 石墨,419,0.0424,蒸汽、冷却装置、换热器、石墨、发热,蒸汽、冷却装置、换热器、石墨、发热、空调、热泵,一种陶瓷材料加工用热压烧结装置；MQ硅树脂生产用高效冷却装置；一种传热性能好的夹套盘管式上升管过热蒸汽发生器
Sentence-BERT + CETopic,"T=30, dim=5, method=tfidf_idfi",12,板材 / 模具 / 橡胶,275,0.0278,切割装置、板材、模具、橡胶、切割平台,切割装置、板材、模具、橡胶、切割平台、密炼机、切割机、带钢、铝板,多段锯骨机；一种智能制造木料处理平台；一种铜铝复合双排连续挤压生产线及生产工艺
Sentence-BERT + CETopic,"T=30, dim=5, method=tfidf_idfi",13,轨道交通 / 城市 / 轨道车辆,89,0.009,轨道交通、城市、培训、实训、轨道车辆,轨道交通、城市、培训、实训、轨道车辆、提示牌、广告展示、列车,一种交通管制电子监控设备；一种轨道交通工程现场可视化管控一体化装置；一种城市轨道交通用三工位隔离开关
Sentence-BERT + CETopic,"T=30, dim=5, method=tfidf_idfi",14,农业 / 联网 / 土壤,115,0.0116,农业、联网、土壤、病虫害、养殖,农业、联网、土壤、病虫害、养殖、数据、智慧,一种水电站高压输电线路驱鸟保护装置；一种基于物联网与云计算的鹅智能化精细饲喂系统及管控方法；一种基于物联网大数据的农业监控系统
Sentence-BERT + CETopic,"T=30, dim=5, method=tfidf_idfi",15,光伏 / 太阳能 / 路灯,432,0.0437,光伏、太阳能、路灯、屋面、边框,光伏、太阳能、路灯、屋面、边框、支架,一种胶膜平整机构及光伏组件生产线；基于物联网的太阳能LED交通信号灯及其智能联动系统；一种带有防尘接口结构的光伏并网逆变器
Sentence-BERT + CETopic,"T=30, dim=5, method=tfidf_idfi",16,数据 / 联网 / 车辆,438,0.0443,数据、联网、车辆、服务器、虚拟,数据、联网、车辆、服务器、虚拟、终端、存储介质、自动驾驶、网络,一种云会员信息管理系统、方法和存储平台；一种基于无人机信息终端的可视化数字孪生高端装备系统；一种基于智能仿真的牵引站运维管理系统
Sentence-BERT + CETopic,"T=30, dim=5, method=tfidf_idfi",17,储能 / 光伏 / 电路,391,0.0396,储能、光伏、电路、功率、电网,储能、光伏、电路、功率、电网、直流、电压,基于人工智能的流体输送系统精确计量方法及计量装置；电子厂房电源保障系统实施方法；电力电子变压器的两级直流母线协调控制方法、装置
Sentence-BERT + CETopic,"T=30, dim=5, method=tfidf_idfi",18,玻璃 / 口罩 / 包装袋,446,0.0451,玻璃、服装、口罩、包装袋、包装盒,玻璃、服装、口罩、包装袋、包装盒、研磨、布料、面料、染色,一种胶带生产用胶带粘度测试装置；一种玻璃胶生产用高速分散装置；一种石墨烯面料纺织用经纱张力调节装置
Sentence-BERT + CETopic,"T=30, dim=5, method=tfidf_idfi",19,电缆 / 渔光 / 汽车电机,186,0.0188,电缆、渔光、汽车电机、新能源、铠装,电缆、渔光、汽车电机、新能源、铠装、耳机、线缆,一种适用于电解槽大修的滑移式安全护栏；一种基于帕尔贴效应的海岛风光互补水电联产装置；一种计及铁心磁路分级的牵引变压器涡流损耗求解方法
Sentence-BERT + CETopic,"T=30, dim=5, method=tfidf_idfi",20,文本 / 存储介质 / 模型,448,0.0453,文本、存储介质、模型、目标、图像,文本、存储介质、模型、目标、图像、数据、人工智能、推荐、语音,模型训练方法、数据处理方法、装置、电子设备及介质；人机客服的切换方法、装置、设备及存储介质；推荐方法、装置、设备及存储介质
Sentence-BERT + CETopic,"T=30, dim=5, method=tfidf_idfi",21,区块 / 交易 / 加密,252,0.0255,区块、交易、加密、节点、数据,区块、交易、加密、节点、数据、合约、密钥、认证、共识,基于区块链的充电权分配方法以及充电权交易方法；一种基于车路协同的区块链拜占庭容错方法及系统；异构可信计算/可信奖惩模型扩展
Sentence-BERT + CETopic,"T=30, dim=5, method=tfidf_idfi",22,汽车 / 轮毂 / 新能源,428,0.0433,汽车、轮毂、新能源、旋转平台、轨道,汽车、轮毂、新能源、旋转平台、轨道、自行车,一种自动翻转脱模装置；一种用于吸塑机的自动捡片装置；一种异径产品的角向定位上料装置
Sentence-BERT + CETopic,"T=30, dim=5, method=tfidf_idfi",23,石墨 / 材料 / 纳米,508,0.0514,石墨、材料、纳米、催化剂、聚合物,石墨、材料、纳米、催化剂、聚合物,一种可用于新能源汽车的润滑脂组合物及其制备方法；一种复合网版的制作方法；微米级多孔硫酸亚铁钠/碳复合正极材料及其制备的钠离子电池或钠电池
Sentence-BERT + CETopic,"T=30, dim=5, method=tfidf_idfi",24,水质 / 水表 / 数据,156,0.0158,水质、水表、数据、水文、取样,水质、水表、数据、水文、取样、生态、流域,水面光伏发电系统电气性能及环境场的监测装置；液位测量装置及玻璃窑炉；水利数据管理系统
Sentence-BERT + CETopic,"T=30, dim=5, method=tfidf_idfi",25,无人机 / 激光 / 镜头,216,0.0219,无人机、激光、镜头、相机、视觉,无人机、激光、镜头、相机、视觉、图像、摄像头,一种望远镜镜筒智能制造装置；一种激光成像设备以及激光成像方法；一种棉花打顶无人机的智能控制系统及方法
Sentence-BERT + CETopic,"T=30, dim=5, method=tfidf_idfi",26,混凝土 / 楼梯 / 钢梁,444,0.0449,混凝土、施工平台、楼梯、钢梁、水泥,混凝土、施工平台、楼梯、钢梁、水泥、钢筋、电梯、操作平台,一种用于施工现场的便携式施工平台；极片烘烤夹具；一种起重机安装维修安全平台
Sentence-BERT + CETopic,"T=30, dim=5, method=tfidf_idfi",27,传感器,306,0.031,检测装置、传感器、测试平台、检测平台、试验,检测装置、传感器、测试平台、检测平台、试验、测试装置,多接头线束电测试设备；一种灵活检测汽车滤清器性能测试装置；一种产品内舱检测装置
Sentence-BERT + CETopic,"T=30, dim=5, method=tfidf_idfi",28,联网 / 显示屏 / 数据,396,0.0401,联网、显示屏、数据、人工智能、散热,联网、显示屏、数据、人工智能、散热、网络安全,一种房屋家具设计展示系统；一种基于物联网的自动包装系统；一种计算机使用的大数据运维装置
Sentence-BERT + CETopic,"T=30, dim=5, method=tfidf_idfi",29,管道 / 水龙头 / 液压,278,0.0281,清洗装置、管道、水龙头、液压、罐体,清洗装置、管道、水龙头、液压、罐体、泵站、油缸、采油,一种带自发电的输液管气泡检测装置；一种防水卷材切边机及卷材生产线；一种生物实验用试管的初步清洗装置
Sentence-BERT + CETopic,"T=30, dim=2, method=tfidf_idfi",0,包装盒 / 包装袋 / 纸盒,303,0.0307,包装盒、包装袋、包装设备、纸盒、模具,包装盒、包装袋、包装设备、纸盒、模具、球囊、箱体,一种制动主缸皮碗的自动装配装置；绝缘子R销复位装置；一种防水卷材切边机及卷材生产线
Sentence-BERT + CETopic,"T=30, dim=2, method=tfidf_idfi",1,数据 / 业务 / 存储介质,367,0.0371,数据、业务、存储介质、代码、支付,数据、业务、存储介质、代码、支付、目标、日志、文件,一种图书荐购方法、装置、设备及存储介质；一种用于研究者发起的临床研究全数据平台综合评价系统；一种应用于智慧医疗大数据的网络安全分析方法及系统
Sentence-BERT + CETopic,"T=30, dim=2, method=tfidf_idfi",2,水表 / 水文水资源 / 光伏,157,0.0159,水表、试验、取样、水文水资源、光伏,水表、试验、取样、水文水资源、光伏,水面光伏发电系统电气性能及环境场的监测装置；一种带自发电的输液管气泡检测装置；一种灵活检测汽车滤清器性能测试装置
Sentence-BERT + CETopic,"T=30, dim=2, method=tfidf_idfi",3,干细胞 / 蛋白 / 基因,355,0.0359,干细胞、蛋白、基因、及其应用、植物,干细胞、蛋白、基因、及其应用、植物、充质,一种促进围绝经期女性补钙的中药组方；一种防止土地盐碱化的肥料及其制备方法；一种脐带血干细胞储存系统及其储存方法
Sentence-BERT + CETopic,"T=30, dim=2, method=tfidf_idfi",4,电池 / 新能源 / 汽车,348,0.0352,电池、新能源、汽车,电池、新能源、汽车,域控制电池管理系统；一种具有节能保温功能的电解铝用电解槽；光伏电池生产线的自动送料放料系统
Sentence-BERT + CETopic,"T=30, dim=2, method=tfidf_idfi",5,混凝土 / 楼梯 / 钢梁,398,0.0403,混凝土、施工平台、楼梯、钢梁、钢筋,混凝土、施工平台、楼梯、钢梁、钢筋、电梯、水泥、卸料平台,一种用于施工现场的便携式施工平台；极片烘烤夹具；一种起重机安装维修安全平台
Sentence-BERT + CETopic,"T=30, dim=2, method=tfidf_idfi",6,天线 / 基站 / 网络,179,0.0181,天线、基站、网络、频段、信号,天线、基站、网络、频段、信号、核心网、终端、滤波器、巡检,一种信息通信5G转换设备；一种交直流屏自诊断方法；5G专网投诉的识别方法、装置、设备、系统及存储介质
Sentence-BERT + CETopic,"T=30, dim=2, method=tfidf_idfi",7,打印机 / 光固化 / 线材,197,0.0199,打印机、印刷、光固化、线材、耗材,打印机、印刷、光固化、线材、耗材,一种膜纸自动化印刷技术生产线结构；一种刮刀防撞机构；一种3D导航定位牙套及制作方法
Sentence-BERT + CETopic,"T=30, dim=2, method=tfidf_idfi",8,轨道交通 / 传感器,342,0.0346,检测装置、轨道交通、传感器、检测平台、实训,检测装置、轨道交通、传感器、检测平台、实训、测试平台,多接头线束电测试设备；一种交通管制电子监控设备；一种轨道交通工程现场可视化管控一体化装置
Sentence-BERT + CETopic,"T=30, dim=2, method=tfidf_idfi",9,除尘 / 反应釜 / 清洗机,409,0.0414,清洗装置、除尘、过滤装置、反应釜、清洗机,清洗装置、除尘、过滤装置、反应釜、清洗机、灌装,一种废水循环利用的自动洗车装置；一种滤清器冲压片上料定位装置；液位测量装置及玻璃窑炉
Sentence-BERT + CETopic,"T=30, dim=2, method=tfidf_idfi",10,无人机 / 激光 / 镜头,183,0.0185,无人机、激光、镜头、相机、摄像头,无人机、激光、镜头、相机、摄像头、光学、波导、飞行,一种望远镜镜筒智能制造装置；一种激光成像设备以及激光成像方法；一种棉花打顶无人机的智能控制系统及方法
Sentence-BERT + CETopic,"T=30, dim=2, method=tfidf_idfi",11,机器人 / 关节,160,0.0162,机器人、关节,机器人、关节,一种机器人换电装置；一种智能遛狗机器人；一种内镜手术器械输送装置、控制方法及机器人系统
Sentence-BERT + CETopic,"T=30, dim=2, method=tfidf_idfi",12,光伏 / 太阳能 / 路灯,436,0.0441,光伏、太阳能、路灯、边框、屋面,光伏、太阳能、路灯、边框、屋面、支架,一种胶膜平整机构及光伏组件生产线；基于物联网的太阳能LED交通信号灯及其智能联动系统；一种带有防尘接口结构的光伏并网逆变器
Sentence-BERT + CETopic,"T=30, dim=2, method=tfidf_idfi",13,模具 / 压线 / 限位,488,0.0494,模具、冲压、打磨、压线、限位,模具、冲压、打磨、压线、限位、动模,一种用于生产带孔木底托的工装模具；一种农林种植用驱虫装置；三七脱侧根及主根颗粒化一体装置
Sentence-BERT + CETopic,"T=30, dim=2, method=tfidf_idfi",14,数据 / 联网 / 业务,396,0.0401,数据、联网、业务、网络、攻击,数据、联网、业务、网络、攻击、服务器,带私有协议的数据处理取证的方法及装置；一种云会员信息管理系统、方法和存储平台；一种基于智能匹配的漏洞威胁发现方法及系统
Sentence-BERT + CETopic,"T=30, dim=2, method=tfidf_idfi",15,储能 / 光伏 / 负荷,203,0.0205,储能、光伏、负荷、调频、功率,储能、光伏、负荷、调频、功率、模型、出力、调度,基于人工智能的流体输送系统精确计量方法及计量装置；电子厂房电源保障系统实施方法；一种农村台区电压及线损问题的治理方法
Sentence-BERT + CETopic,"T=30, dim=2, method=tfidf_idfi",16,玻璃 / 口罩 / 布料,333,0.0337,玻璃、口罩、布料、面料、服装,玻璃、口罩、布料、面料、服装、染色、研磨、塑料,一种玻璃胶生产用高速分散装置；一种石墨烯面料纺织用经纱张力调节装置；一种用于超宽带系统中的陶瓷芯片天线
Sentence-BERT + CETopic,"T=30, dim=2, method=tfidf_idfi",17,蒸汽 / 换热器 / 石墨,429,0.0434,蒸汽、冷却装置、换热器、石墨、发热,蒸汽、冷却装置、换热器、石墨、发热、空调、热泵,一种水电站高压输电线路驱鸟保护装置；一种陶瓷材料加工用热压烧结装置；MQ硅树脂生产用高效冷却装置
Sentence-BERT + CETopic,"T=30, dim=2, method=tfidf_idfi",18,石墨 / 纳米 / 材料,495,0.0501,石墨、纳米、材料、聚合物、催化剂,石墨、纳米、材料、聚合物、催化剂、凝胶,一种可用于新能源汽车的润滑脂组合物及其制备方法；一种复合网版的制作方法；微米级多孔硫酸亚铁钠/碳复合正极材料及其制备的钠离子电池或钠电池
Sentence-BERT + CETopic,"T=30, dim=2, method=tfidf_idfi",19,文本 / 模型 / 存储介质,357,0.0361,文本、模型、存储介质、图像、目标,文本、模型、存储介质、图像、目标、推荐、语音、人工智能、数据、用户,模型训练方法、数据处理方法、装置、电子设备及介质；人机客服的切换方法、装置、设备及存储介质；推荐方法、装置、设备及存储介质
Sentence-BERT + CETopic,"T=30, dim=2, method=tfidf_idfi",20,轮毂 / 轨道 / 汽车,371,0.0375,轮毂、轨道、汽车、旋转平台、自行车,轮毂、轨道、汽车、旋转平台、自行车、举升、支架,一种自动翻转脱模装置；一种用于吸塑机的自动捡片装置；一种异径产品的角向定位上料装置
Sentence-BERT + CETopic,"T=30, dim=2, method=tfidf_idfi",21,区块 / 交易 / 加密,253,0.0256,区块、交易、加密、节点、数据,区块、交易、加密、节点、数据、密钥、合约、认证,基于区块链的充电权分配方法以及充电权交易方法；一种基于车路协同的区块链拜占庭容错方法及系统；异构可信计算/可信奖惩模型扩展
Sentence-BERT + CETopic,"T=30, dim=2, method=tfidf_idfi",22,食品 / 农药 / 加工机,424,0.0429,食品、农药、加工机、茶叶、饲料,食品、农药、加工机、茶叶、饲料、大米,一种多功能食品检测装置；一种偶氮颜料连续化合成微混合器及其连续化制备方法；一种结构稳定的和面机
Sentence-BERT + CETopic,"T=30, dim=2, method=tfidf_idfi",23,数据 / 联网 / 农业,365,0.0369,数据、联网、农业、预警、故障,数据、联网、农业、预警、故障,一种基于物联网与云计算的鹅智能化精细饲喂系统及管控方法；一种应急预警广播系统；一种基于人工智能的空气颗粒物分析预警方法和装置
Sentence-BERT + CETopic,"T=30, dim=2, method=tfidf_idfi",24,废水处理 / 垃圾 / 污水,371,0.0375,废水处理、垃圾、污水,废水处理、垃圾、污水,一种基于开放空间大气污染治理装置；隔板塔分离重整碳十芳烃的装置；一种新型果林病虫害防治药物喷洒装置
Sentence-BERT + CETopic,"T=30, dim=2, method=tfidf_idfi",25,联网 / 显示屏 / 数据,441,0.0446,联网、显示屏、数据、人工智能、散热,联网、显示屏、数据、人工智能、散热、终端,一种房屋家具设计展示系统；一种基于物联网的自动包装系统；一种计算机使用的大数据运维装置
Sentence-BERT + CETopic,"T=30, dim=2, method=tfidf_idfi",26,电路 / 直流 / 电池,226,0.0229,电路、直流、电池、电压、逆变器,电路、直流、电池、电压、逆变器、光伏、变换器、电源,电力电子变压器的两级直流母线协调控制方法、装置；一种接入调相机的交直流混合新能源微电网系统；基于分布控制的锂离子储能电池热失控保护系统及方法
Sentence-BERT + CETopic,"T=30, dim=2, method=tfidf_idfi",27,数据 / 车辆 / 图像,353,0.0357,数据、车辆、图像、视频、虚拟,数据、车辆、图像、视频、虚拟、停车、驾驶,一种基于无人机信息终端的可视化数字孪生高端装备系统；一种基于智能仿真的牵引站运维管理系统；装载信息处理方法、装置、电子设备及存储介质
Sentence-BERT + CETopic,"T=30, dim=2, method=tfidf_idfi",28,模具 / 板材 / 橡胶,304,0.0308,切割装置、模具、板材、橡胶、切割平台,切割装置、模具、板材、橡胶、切割平台、车床、切割机、密炼机、刀具,一种机械制造用冲压车床；一种胶带生产用胶带粘度测试装置；多段锯骨机
Sentence-BERT + CETopic,"T=30, dim=2, method=tfidf_idfi",29,电缆 / 新能源 / 汽车,238,0.0241,电缆、新能源、汽车、电机、减速器,电缆、新能源、汽车、电机、减速器、渔光,一种适用于电解槽大修的滑移式安全护栏；一种基于帕尔贴效应的海岛风光互补水电联产装置；一种计及铁心磁路分级的牵引变压器涡流损耗求解方法
Sentence-BERT + CETopic,"T=30, dim=-1, method=tfidf_idfi",0,陶瓷 / 喷漆 / 塑料,434,0.0439,包装、陶瓷、喷漆、塑料、机架,包装、陶瓷、喷漆、塑料、机架,一种胶带生产用胶带粘度测试装置；一种脐带血干细胞储存系统及其储存方法；一种用于超宽带系统中的陶瓷芯片天线
Sentence-BERT + CETopic,"T=30, dim=-1, method=tfidf_idfi",1,网络安全 / 加密 / 漏洞,179,0.0181,网络安全、加密、漏洞、数据、攻击,网络安全、加密、漏洞、数据、攻击、密钥、威胁、认证、联网,一种基于智能匹配的漏洞威胁发现方法及系统；一种基于动态权限集的安卓特权提升攻击发现方法；一种基于多元感知技术的保护装置智能巡视系统
Sentence-BERT + CETopic,"T=30, dim=-1, method=tfidf_idfi",2,管道 / 液压 / 输送机,407,0.0412,管道、液压、输送机、反应釜、农药,管道、液压、输送机、反应釜、农药、油缸,一种制动主缸皮碗的自动装配装置；一种带自发电的输液管气泡检测装置；一种滤清器冲压片上料定位装置
Sentence-BERT + CETopic,"T=30, dim=-1, method=tfidf_idfi",3,蒸汽 / 换热器 / 热交换器,419,0.0424,蒸汽、冷却装置、换热器、热交换器、热泵,蒸汽、冷却装置、换热器、热交换器、热泵、炉体、散热,一种陶瓷材料加工用热压烧结装置；MQ硅树脂生产用高效冷却装置；一种基于帕尔贴效应的海岛风光互补水电联产装置
Sentence-BERT + CETopic,"T=30, dim=-1, method=tfidf_idfi",4,电缆 / 模具 / 支架,496,0.0502,电缆、模具、支架、冲压、螺纹,电缆、模具、支架、冲压、螺纹、底座、限位、线束,一种玻璃胶生产用高速分散装置；极片烘烤夹具；一种石墨烯面料纺织用经纱张力调节装置
Sentence-BERT + CETopic,"T=30, dim=-1, method=tfidf_idfi",5,水箱 / 节水 / 水资源,267,0.027,水箱、灌溉装置、节水、喷灌、水资源,水箱、灌溉装置、节水、喷灌、水资源、雨水、水利工程、水龙头、水泵,液位测量装置及玻璃窑炉；一种新型延时切换出水装置及具有其的马桶；一种节能环保自动施肥的林业育苗装置
Sentence-BERT + CETopic,"T=30, dim=-1, method=tfidf_idfi",6,机器人 / 无人机 / 关节,181,0.0183,机器人、无人机、关节,机器人、无人机、关节,一种机器人换电装置；一种棉花打顶无人机的智能控制系统及方法；一种智能遛狗机器人
Sentence-BERT + CETopic,"T=30, dim=-1, method=tfidf_idfi",7,联网 / 显示屏 / 摄像头,457,0.0463,联网、显示屏、摄像头、网关、数据,联网、显示屏、摄像头、网关、数据,一种基于智能仿真的牵引站运维管理系统；一种基于物联网的自动包装系统；一种计算机使用的大数据运维装置
Sentence-BERT + CETopic,"T=30, dim=-1, method=tfidf_idfi",8,数据 / 联网 / 环境监测,271,0.0274,数据、联网、监测系统、环境监测、智慧,数据、联网、监测系统、环境监测、智慧,水面光伏发电系统电气性能及环境场的监测装置；基于大数据物联网平台的监控方法；一种应急预警广播系统
Sentence-BERT + CETopic,"T=30, dim=-1, method=tfidf_idfi",9,蛋白 / 基因 / 干细胞,301,0.0305,蛋白、基因、干细胞、及其应用、培养基,蛋白、基因、干细胞、及其应用、培养基、提取物、植物,一种促进围绝经期女性补钙的中药组方；一种防止土地盐碱化的肥料及其制备方法；一种抑制烘焙食品多元危害物生成的方法
Sentence-BERT + CETopic,"T=30, dim=-1, method=tfidf_idfi",10,区块 / 交易 / 节点,194,0.0196,区块、交易、节点、合约、数据,区块、交易、节点、合约、数据、加密,基于区块链的充电权分配方法以及充电权交易方法；一种基于车路协同的区块链拜占庭容错方法及系统；异构可信计算/可信奖惩模型扩展
Sentence-BERT + CETopic,"T=30, dim=-1, method=tfidf_idfi",11,光伏 / 太阳能 / 屋面,329,0.0333,光伏、太阳能、屋面、边框、支架,光伏、太阳能、屋面、边框、支架、屋顶,一种胶膜平整机构及光伏组件生产线；一种带有防尘接口结构的光伏并网逆变器；一种适合风沙地域防风固沙的光伏防风障
Sentence-BERT + CETopic,"T=30, dim=-1, method=tfidf_idfi",12,食品 / 加工机 / 饲料,338,0.0342,食品、加工机、饲料、农药、电机,食品、加工机、饲料、农药、电机,一种结构稳定的和面机；智能食材搅拌设备；一种饲料生产用冷却装置
Sentence-BERT + CETopic,"T=30, dim=-1, method=tfidf_idfi",13,石墨 / 纳米 / 材料,321,0.0325,石墨、纳米、材料、聚合物、面料,石墨、纳米、材料、聚合物、面料、纤维,一种复合网版的制作方法；一种三维结构的纳米石墨烯及其制备方法、净化空气型无机涂料及其制备方法；一种阻燃尼龙组合物及其制备方法和应用
Sentence-BERT + CETopic,"T=30, dim=-1, method=tfidf_idfi",14,模具 / 切割机 / 钻孔,476,0.0482,打磨、模具、切割机、钻孔、切割装置,打磨、模具、切割机、钻孔、切割装置、工件、切割平台,一种用于生产带孔木底托的工装模具；绝缘子R销复位装置；多段锯骨机
Sentence-BERT + CETopic,"T=30, dim=-1, method=tfidf_idfi",15,图像 / 文本 / 存储介质,300,0.0304,图像、文本、存储介质、目标、人工智能,图像、文本、存储介质、目标、人工智能、模型、语音、推荐、信息,人机客服的切换方法、装置、设备及存储介质；一种语音风格迁移方法、装置、电子设备及存储介质；小程序的环境切换方法、环境切换装置及终端设备
Sentence-BERT + CETopic,"T=30, dim=-1, method=tfidf_idfi",16,天线 / 基站 / 频段,185,0.0187,天线、基站、频段、信号、网络,天线、基站、频段、信号、网络、核心网、终端、滤波器,一种信息通信5G转换设备；一种5G智慧城市用LED路灯；5G专网投诉的识别方法、装置、设备、系统及存储介质
Sentence-BERT + CETopic,"T=30, dim=-1, method=tfidf_idfi",17,电池 / 新能源 / 汽车,284,0.0287,电池、新能源、汽车,电池、新能源、汽车,域控制电池管理系统；光伏电池生产线的自动送料放料系统；一种新能源电池生产线电芯侧面贴胶设备
Sentence-BERT + CETopic,"T=30, dim=-1, method=tfidf_idfi",18,轮毂 / 汽车 / 新能源,562,0.0569,轮毂、汽车、新能源、旋转平台、电机,轮毂、汽车、新能源、旋转平台、电机、齿轮、轨道,一种机械制造用冲压车床；一种自动翻转脱模装置；一种用于吸塑机的自动捡片装置
Sentence-BERT + CETopic,"T=30, dim=-1, method=tfidf_idfi",19,模型 / 数据 / 评价,358,0.0362,模型、数据、评价、学习、神经网络,模型、数据、评价、学习、神经网络、算法、评估,基于人工智能的流体输送系统精确计量方法及计量装置；一种用于研究者发起的临床研究全数据平台综合评价系统；一种工业互联网平台应用评价方法及其评价系统
Sentence-BERT + CETopic,"T=30, dim=-1, method=tfidf_idfi",20,石墨 / 催化剂 / 化合物,281,0.0284,石墨、催化剂、化合物、材料、溶液,石墨、催化剂、化合物、材料、溶液、合成、纳米、凝胶,一种可用于新能源汽车的润滑脂组合物及其制备方法；一种偶氮颜料连续化合成微混合器及其连续化制备方法；微米级多孔硫酸亚铁钠/碳复合正极材料及其制备的钠离子电池或钠电池
Sentence-BERT + CETopic,"T=30, dim=-1, method=tfidf_idfi",21,车辆 / 交通 / 道路,167,0.0169,车辆、驾驶、交通、道路、停车,车辆、驾驶、交通、道路、停车、信息、车道、高速公路,基于区块链的汽车智能监测系统及方法；打车位智慧停车服务平台；一种基于智能高速道路的车辆控制方法及系统
Sentence-BERT + CETopic,"T=30, dim=-1, method=tfidf_idfi",22,废水处理 / 除尘 / 污水,339,0.0343,废水处理、除尘、清洗装置、回收装置、污水,废水处理、除尘、清洗装置、回收装置、污水,一种废水循环利用的自动洗车装置；一种基于开放空间大气污染治理装置；一种生物实验用试管的初步清洗装置
Sentence-BERT + CETopic,"T=30, dim=-1, method=tfidf_idfi",23,储能 / 光伏 / 电网,377,0.0382,储能、光伏、电网、电路、直流,储能、光伏、电网、电路、直流、功率、变换器、电压,一种水电站高压输电线路驱鸟保护装置；电子厂房电源保障系统实施方法；电力电子变压器的两级直流母线协调控制方法、装置
Sentence-BERT + CETopic,"T=30, dim=-1, method=tfidf_idfi",24,混凝土 / 楼梯 / 钢梁,428,0.0433,施工平台、混凝土、楼梯、操作平台、钢梁,施工平台、混凝土、楼梯、操作平台、钢梁、桥梁、装配式、立柱、建筑,一种用于施工现场的便携式施工平台；一种起重机安装维修安全平台；三七脱侧根及主根颗粒化一体装置
Sentence-BERT + CETopic,"T=30, dim=-1, method=tfidf_idfi",25,联网 / 数据 / 服务器,402,0.0407,联网、数据、服务器、业务、终端,联网、数据、服务器、业务、终端、管理系统、网关,一种云会员信息管理系统、方法和存储平台；一种基于无人机信息终端的可视化数字孪生高端装备系统；一种房屋家具设计展示系统
Sentence-BERT + CETopic,"T=30, dim=-1, method=tfidf_idfi",26,路灯 / 光学 / 激光,215,0.0218,路灯、光学、激光、波导、灯罩,路灯、光学、激光、波导、灯罩、灯具、透镜、镜框、光源,基于物联网的太阳能LED交通信号灯及其智能联动系统；一种望远镜镜筒智能制造装置；一种激光成像设备以及激光成像方法
Sentence-BERT + CETopic,"T=30, dim=-1, method=tfidf_idfi",27,数据 / 存储介质 / 业务,316,0.032,数据、存储介质、业务、目标、电子设备,数据、存储介质、业务、目标、电子设备、文件、用户,带私有协议的数据处理取证的方法及装置；一种图书荐购方法、装置、设备及存储介质；一种用于智慧城市的大数据存储装置
Sentence-BERT + CETopic,"T=30, dim=-1, method=tfidf_idfi",28,传感器 / 超声波,413,0.0418,检测装置、传感器、测试装置、检测设备、超声波,检测装置、传感器、测试装置、检测设备、超声波、检测平台、检测系统,一种多功能食品检测装置；多接头线束电测试设备；一种果蔬新烟碱类农药残留多通道试纸检测装置
Sentence-BERT + CETopic,"T=30, dim=-1, method=tfidf_idfi",29,打印机 / 光固化 / 线材,184,0.0186,打印机、光固化、线材、耗材、印刷机,打印机、光固化、线材、耗材、印刷机,一种膜纸自动化印刷技术生产线结构；一种刮刀防撞机构；一种3D导航定位牙套及制作方法
